Cause of death,Cause of death Code,County,County Code,Deaths,Population,Crude Rate
"Septicaemia, unspecified",A41.9,"Acadia County, Louisiana",22001,17,62577,27.16653083
"Septicaemia, unspecified",A41.9,"Avoyelles County, Louisiana",22009,14,41103,34.06077415
"Septicaemia, unspecified",A41.9,"Bossier County, Louisiana",22015,23,125175,18.37427601
"Septicaemia, unspecified",A41.9,"Caddo County, Louisiana",22017,60,251460,23.86065378
"Septicaemia, unspecified",A41.9,"Calcasieu County, Louisiana",22019,37,198788,18.61279353
"Septicaemia, unspecified",A41.9,"Concordia County, Louisiana",22029,16,20142,79.43600437
"Septicaemia, unspecified",A41.9,"East Baton Rouge County, Louisiana",22033,71,446753,15.89245064
"Septicaemia, unspecified",A41.9,"Iberia County, Louisiana",22045,15,74103,20.24209546
"Septicaemia, unspecified",A41.9,"Jefferson County, Louisiana",22051,100,436275,22.92132256
"Septicaemia, unspecified",A41.9,"Lafayette County, Louisiana",22055,22,240098,9.162925139
"Septicaemia, unspecified",A41.9,"Lafourche County, Louisiana",22057,23,98325,23.39181287
"Septicaemia, unspecified",A41.9,"Livingston County, Louisiana",22063,18,137788,13.0635469
"Septicaemia, unspecified",A41.9,"Orleans County, Louisiana",22071,84,389617,21.5596342
"Septicaemia, unspecified",A41.9,"Ouachita County, Louisiana",22073,18,156761,11.4824478
"Septicaemia, unspecified",A41.9,"Rapides County, Louisiana",22079,40,132141,30.2706957
"Septicaemia, unspecified",A41.9,"St. Bernard County, Louisiana",22087,11,45408,24.2248062
"Septicaemia, unspecified",A41.9,"St. John the Baptist County, Louisiana",22095,12,43626,27.5065328
"Septicaemia, unspecified",A41.9,"St. Landry County, Louisiana",22097,24,83848,28.62322297
"Septicaemia, unspecified",A41.9,"St. Martin County, Louisiana",22099,14,53835,26.00538683
"Septicaemia, unspecified",A41.9,"St. Mary County, Louisiana",22101,14,52810,26.51013066
"Septicaemia, unspecified",A41.9,"St. Tammany County, Louisiana",22103,44,250088,17.59380698
"Septicaemia, unspecified",A41.9,"Tangipahoa County, Louisiana",22105,26,128755,20.19339055
"Septicaemia, unspecified",A41.9,"Terrebonne County, Louisiana",22109,19,113972,16.67076124
"Septicaemia, unspecified",A41.9,"Washington County, Louisiana",22117,16,46371,34.50432382
"Septicaemia, unspecified",A41.9,"Webster County, Louisiana",22119,23,40021,57.46982834
Chronic viral hepatitis C,B18.2,"East Baton Rouge County, Louisiana",22033,11,446753,2.462210662
Chronic viral hepatitis C,B18.2,"Jefferson County, Louisiana",22051,18,436275,4.125838061
Chronic viral hepatitis C,B18.2,"Orleans County, Louisiana",22071,13,389617,3.336610056
HIV disease resulting in other specified conditions,B23.8,"East Baton Rouge County, Louisiana",22033,13,446753,2.909885328
Unspecified human immunodeficiency virus [HIV] disease,B24,"East Baton Rouge County, Louisiana",22033,26,446753,5.819770656
Unspecified human immunodeficiency virus [HIV] disease,B24,"Orleans County, Louisiana",22071,29,389617,7.443207047
Sequelae of other specified infectious and parasitic diseases,B94.8,"St. Tammany County, Louisiana",22103,10,250088,3.998592495
"Oesophagus, unspecified - Malignant neoplasms",C15.9,"Caddo County, Louisiana",22017,21,251460,8.351228824
"Oesophagus, unspecified - Malignant neoplasms",C15.9,"Calcasieu County, Louisiana",22019,13,198788,6.539630159
"Oesophagus, unspecified - Malignant neoplasms",C15.9,"East Baton Rouge County, Louisiana",22033,20,446753,4.476746659
"Oesophagus, unspecified - Malignant neoplasms",C15.9,"Jefferson County, Louisiana",22051,16,436275,3.66741161
"Oesophagus, unspecified - Malignant neoplasms",C15.9,"Orleans County, Louisiana",22071,17,389617,4.363259303
"Stomach, unspecified - Malignant neoplasms",C16.9,"Caddo County, Louisiana",22017,18,251460,7.158196135
"Stomach, unspecified - Malignant neoplasms",C16.9,"Calcasieu County, Louisiana",22019,10,198788,5.030484738
"Stomach, unspecified - Malignant neoplasms",C16.9,"East Baton Rouge County, Louisiana",22033,10,446753,2.238373329
"Stomach, unspecified - Malignant neoplasms",C16.9,"Jefferson County, Louisiana",22051,13,436275,2.979771933
"Stomach, unspecified - Malignant neoplasms",C16.9,"Orleans County, Louisiana",22071,19,389617,4.876583927
"Colon, unspecified - Malignant neoplasms",C18.9,"Acadia County, Louisiana",22001,14,62577,22.37243716
"Colon, unspecified - Malignant neoplasms",C18.9,"Caddo County, Louisiana",22017,37,251460,14.71406983
"Colon, unspecified - Malignant neoplasms",C18.9,"Calcasieu County, Louisiana",22019,33,198788,16.60059963
"Colon, unspecified - Malignant neoplasms",C18.9,"East Baton Rouge County, Louisiana",22033,59,446753,13.20640264
"Colon, unspecified - Malignant neoplasms",C18.9,"Jefferson County, Louisiana",22051,66,436275,15.12807289
"Colon, unspecified - Malignant neoplasms",C18.9,"Lafayette County, Louisiana",22055,37,240098,15.4103741
"Colon, unspecified - Malignant neoplasms",C18.9,"Lafourche County, Louisiana",22057,14,98325,14.23849479
"Colon, unspecified - Malignant neoplasms",C18.9,"Livingston County, Louisiana",22063,17,137788,12.33779429
"Colon, unspecified - Malignant neoplasms",C18.9,"Natchitoches County, Louisiana",22069,11,39179,28.07626535
"Colon, unspecified - Malignant neoplasms",C18.9,"Orleans County, Louisiana",22071,50,389617,12.8331156
"Colon, unspecified - Malignant neoplasms",C18.9,"Ouachita County, Louisiana",22073,24,156761,15.3099304
"Colon, unspecified - Malignant neoplasms",C18.9,"Rapides County, Louisiana",22079,14,132141,10.59474349
"Colon, unspecified - Malignant neoplasms",C18.9,"Sabine County, Louisiana",22085,10,24186,41.34623336
"Colon, unspecified - Malignant neoplasms",C18.9,"St. Landry County, Louisiana",22097,15,83848,17.88951436
"Colon, unspecified - Malignant neoplasms",C18.9,"St. Martin County, Louisiana",22099,11,53835,20.43280394
"Colon, unspecified - Malignant neoplasms",C18.9,"St. Tammany County, Louisiana",22103,22,250088,8.79690349
"Colon, unspecified - Malignant neoplasms",C18.9,"Tangipahoa County, Louisiana",22105,15,128755,11.65003301
"Colon, unspecified - Malignant neoplasms",C18.9,"Terrebonne County, Louisiana",22109,18,113972,15.79335275
"Colon, unspecified - Malignant neoplasms",C18.9,"Vermilion County, Louisiana",22113,19,59875,31.73277662
Malignant neoplasm of rectum,C20,"East Baton Rouge County, Louisiana",22033,12,446753,2.686047995
Malignant neoplasm of rectum,C20,"Jefferson County, Louisiana",22051,10,436275,2.292132256
Liver cell carcinoma - Malignant neoplasms,C22.0,"Caddo County, Louisiana",22017,21,251460,8.351228824
Liver cell carcinoma - Malignant neoplasms,C22.0,"East Baton Rouge County, Louisiana",22033,14,446753,3.133722661
Liver cell carcinoma - Malignant neoplasms,C22.0,"Jefferson County, Louisiana",22051,14,436275,3.208985158
Intrahepatic bile duct carcinoma - Malignant neoplasms,C22.1,"Jefferson County, Louisiana",22051,10,436275,2.292132256
"Liver, unspecified - Malignant neoplasms",C22.9,"Calcasieu County, Louisiana",22019,27,198788,13.58230879
"Liver, unspecified - Malignant neoplasms",C22.9,"East Baton Rouge County, Louisiana",22033,26,446753,5.819770656
"Liver, unspecified - Malignant neoplasms",C22.9,"Jefferson County, Louisiana",22051,30,436275,6.876396768
"Liver, unspecified - Malignant neoplasms",C22.9,"Lafayette County, Louisiana",22055,19,240098,7.913435347
"Liver, unspecified - Malignant neoplasms",C22.9,"Orleans County, Louisiana",22071,27,389617,6.929882423
"Liver, unspecified - Malignant neoplasms",C22.9,"St. Landry County, Louisiana",22097,16,83848,19.08214865
"Liver, unspecified - Malignant neoplasms",C22.9,"St. Tammany County, Louisiana",22103,16,250088,6.397747993
"Pancreas, unspecified - Malignant neoplasms",C25.9,"Acadia County, Louisiana",22001,11,62577,17.57834348
"Pancreas, unspecified - Malignant neoplasms",C25.9,"Ascension County, Louisiana",22005,15,119455,12.55702984
"Pancreas, unspecified - Malignant neoplasms",C25.9,"Bossier County, Louisiana",22015,12,125175,9.58657879
"Pancreas, unspecified - Malignant neoplasms",C25.9,"Caddo County, Louisiana",22017,49,251460,19.48620059
"Pancreas, unspecified - Malignant neoplasms",C25.9,"Calcasieu County, Louisiana",22019,30,198788,15.09145421
"Pancreas, unspecified - Malignant neoplasms",C25.9,"De Soto County, Louisiana",22031,10,27052,36.96584356
"Pancreas, unspecified - Malignant neoplasms",C25.9,"East Baton Rouge County, Louisiana",22033,65,446753,14.54942664
"Pancreas, unspecified - Malignant neoplasms",C25.9,"Iberia County, Louisiana",22045,11,74103,14.84420334
"Pancreas, unspecified - Malignant neoplasms",C25.9,"Jefferson County, Louisiana",22051,53,436275,12.14830096
"Pancreas, unspecified - Malignant neoplasms",C25.9,"Lafayette County, Louisiana",22055,31,240098,12.91139451
"Pancreas, unspecified - Malignant neoplasms",C25.9,"Lafourche County, Louisiana",22057,24,98325,24.40884821
"Pancreas, unspecified - Malignant neoplasms",C25.9,"Livingston County, Louisiana",22063,20,137788,14.51505211
"Pancreas, unspecified - Malignant neoplasms",C25.9,"Orleans County, Louisiana",22071,46,389617,11.80646635
"Pancreas, unspecified - Malignant neoplasms",C25.9,"Ouachita County, Louisiana",22073,19,156761,12.12036157
"Pancreas, unspecified - Malignant neoplasms",C25.9,"Rapides County, Louisiana",22079,22,132141,16.64888263
"Pancreas, unspecified - Malignant neoplasms",C25.9,"St. Landry County, Louisiana",22097,12,83848,14.31161149
"Pancreas, unspecified - Malignant neoplasms",C25.9,"St. Tammany County, Louisiana",22103,40,250088,15.99436998
"Pancreas, unspecified - Malignant neoplasms",C25.9,"Tangipahoa County, Louisiana",22105,17,128755,13.20337074
"Pancreas, unspecified - Malignant neoplasms",C25.9,"Terrebonne County, Louisiana",22109,10,113972,8.774084863
"Pancreas, unspecified - Malignant neoplasms",C25.9,"Washington County, Louisiana",22117,14,46371,30.19128335
"Bronchus or lung, unspecified - Malignant neoplasms",C34.9,"Acadia County, Louisiana",22001,52,62577,83.09762373
"Bronchus or lung, unspecified - Malignant neoplasms",C34.9,"Allen County, Louisiana",22003,13,25683,50.61713974
"Bronchus or lung, unspecified - Malignant neoplasms",C34.9,"Ascension County, Louisiana",22005,44,119455,36.83395421
"Bronchus or lung, unspecified - Malignant neoplasms",C34.9,"Assumption County, Louisiana",22007,14,22842,61.29060503
"Bronchus or lung, unspecified - Malignant neoplasms",C34.9,"Avoyelles County, Louisiana",22009,26,41103,63.25572343
"Bronchus or lung, unspecified - Malignant neoplasms",C34.9,"Beauregard County, Louisiana",22011,19,36462,52.10904503
"Bronchus or lung, unspecified - Malignant neoplasms",C34.9,"Bienville County, Louisiana",22013,14,13786,101.5522994
"Bronchus or lung, unspecified - Malignant neoplasms",C34.9,"Bossier County, Louisiana",22015,72,125175,57.51947274
"Bronchus or lung, unspecified - Malignant neoplasms",C34.9,"Caddo County, Louisiana",22017,157,251460,62.4353774
"Bronchus or lung, unspecified - Malignant neoplasms",C34.9,"Calcasieu County, Louisiana",22019,134,198788,67.40849548
"Bronchus or lung, unspecified - Malignant neoplasms",C34.9,"Catahoula County, Louisiana",22025,12,10147,118.2615551
"Bronchus or lung, unspecified - Malignant neoplasms",C34.9,"Claiborne County, Louisiana",22027,17,16295,104.3264805
"Bronchus or lung, unspecified - Malignant neoplasms",C34.9,"Concordia County, Louisiana",22029,18,20142,89.36550492
"Bronchus or lung, unspecified - Malignant neoplasms",C34.9,"De Soto County, Louisiana",22031,21,27052,77.62827148
"Bronchus or lung, unspecified - Malignant neoplasms",C34.9,"East Baton Rouge County, Louisiana",22033,164,446753,36.7093226
"Bronchus or lung, unspecified - Malignant neoplasms",C34.9,"East Feliciana County, Louisiana",22037,21,19696,106.6206336
"Bronchus or lung, unspecified - Malignant neoplasms",C34.9,"Evangeline County, Louisiana",22039,27,33743,80.01659603
"Bronchus or lung, unspecified - Malignant neoplasms",C34.9,"Franklin County, Louisiana",22041,11,20410,53.89514944
"Bronchus or lung, unspecified - Malignant neoplasms",C34.9,"Grant County, Louisiana",22043,10,22343,44.75674708
"Bronchus or lung, unspecified - Malignant neoplasms",C34.9,"Iberia County, Louisiana",22045,46,74103,62.07575942
"Bronchus or lung, unspecified - Malignant neoplasms",C34.9,"Iberville County, Louisiana",22047,20,33095,60.43208944
"Bronchus or lung, unspecified - Malignant neoplasms",C34.9,"Jackson County, Louisiana",22049,14,15858,88.28351621
"Bronchus or lung, unspecified - Malignant neoplasms",C34.9,"Jefferson County, Louisiana",22051,255,436275,58.44937253
"Bronchus or lung, unspecified - Malignant neoplasms",C34.9,"Jefferson Davis County, Louisiana",22053,30,31439,95.42288241
"Bronchus or lung, unspecified - Malignant neoplasms",C34.9,"Lafayette County, Louisiana",22055,113,240098,47.06411549
"Bronchus or lung, unspecified - Malignant neoplasms",C34.9,"Lafourche County, Louisiana",22057,51,98325,51.86880244
"Bronchus or lung, unspecified - Malignant neoplasms",C34.9,"LaSalle County, Louisiana",22059,12,14974,80.13890744
"Bronchus or lung, unspecified - Malignant neoplasms",C34.9,"Lincoln County, Louisiana",22061,25,47774,52.32971909
"Bronchus or lung, unspecified - Malignant neoplasms",C34.9,"Livingston County, Louisiana",22063,76,137788,55.15719801
"Bronchus or lung, unspecified - Malignant neoplasms",C34.9,"Morehouse County, Louisiana",22067,19,26395,71.98333018
"Bronchus or lung, unspecified - Malignant neoplasms",C34.9,"Natchitoches County, Louisiana",22069,21,39179,53.60014293
"Bronchus or lung, unspecified - Malignant neoplasms",C34.9,"Orleans County, Louisiana",22071,188,389617,48.25251465
"Bronchus or lung, unspecified - Malignant neoplasms",C34.9,"Ouachita County, Louisiana",22073,100,156761,63.79137668
"Bronchus or lung, unspecified - Malignant neoplasms",C34.9,"Plaquemines County, Louisiana",22075,12,23495,51.07469674
"Bronchus or lung, unspecified - Malignant neoplasms",C34.9,"Pointe Coupee County, Louisiana",22077,17,22251,76.40106063
"Bronchus or lung, unspecified - Malignant neoplasms",C34.9,"Rapides County, Louisiana",22079,76,132141,57.51432182
"Bronchus or lung, unspecified - Malignant neoplasms",C34.9,"St. Bernard County, Louisiana",22087,22,45408,48.4496124
"Bronchus or lung, unspecified - Malignant neoplasms",C34.9,"St. Charles County, Louisiana",22089,26,52812,49.23123533
"Bronchus or lung, unspecified - Malignant neoplasms",C34.9,"St. James County, Louisiana",22093,11,21567,51.00384847
"Bronchus or lung, unspecified - Malignant neoplasms",C34.9,"St. John the Baptist County, Louisiana",22095,17,43626,38.96758814
"Bronchus or lung, unspecified - Malignant neoplasms",C34.9,"St. Landry County, Louisiana",22097,56,83848,66.78752027
"Bronchus or lung, unspecified - Malignant neoplasms",C34.9,"St. Martin County, Louisiana",22099,38,53835,70.58604997
"Bronchus or lung, unspecified - Malignant neoplasms",C34.9,"St. Mary County, Louisiana",22101,39,52810,73.84964969
"Bronchus or lung, unspecified - Malignant neoplasms",C34.9,"St. Tammany County, Louisiana",22103,129,250088,51.58184319
"Bronchus or lung, unspecified - Malignant neoplasms",C34.9,"Tangipahoa County, Louisiana",22105,72,128755,55.92015844
"Bronchus or lung, unspecified - Malignant neoplasms",C34.9,"Terrebonne County, Louisiana",22109,69,113972,60.54118555
"Bronchus or lung, unspecified - Malignant neoplasms",C34.9,"Union County, Louisiana",22111,15,22477,66.73488455
"Bronchus or lung, unspecified - Malignant neoplasms",C34.9,"Vermilion County, Louisiana",22113,32,59875,53.44467641
"Bronchus or lung, unspecified - Malignant neoplasms",C34.9,"Vernon County, Louisiana",22115,32,50803,62.9884062
"Bronchus or lung, unspecified - Malignant neoplasms",C34.9,"Washington County, Louisiana",22117,37,46371,79.79124884
"Bronchus or lung, unspecified - Malignant neoplasms",C34.9,"Webster County, Louisiana",22119,31,40021,77.45933385
"Bronchus or lung, unspecified - Malignant neoplasms",C34.9,"West Baton Rouge County, Louisiana",22121,12,25490,47.07728521
"Bronchus or lung, unspecified - Malignant neoplasms",C34.9,"West Feliciana County, Louisiana",22125,11,15385,71.49821254
"Bronchus or lung, unspecified - Malignant neoplasms",C34.9,"Winn County, Louisiana",22127,10,14568,68.64360242
"Malignant melanoma of skin, unspecified - Malignant neoplasms",C43.9,"Jefferson County, Louisiana",22051,12,436275,2.750558707
"Malignant melanoma of skin, unspecified - Malignant neoplasms",C43.9,"St. Tammany County, Louisiana",22103,10,250088,3.998592495
"Mesothelioma, unspecified - Malignant neoplasms",C45.9,"Jefferson County, Louisiana",22051,10,436275,2.292132256
"Breast, unspecified - Malignant neoplasms",C50.9,"Bossier County, Louisiana",22015,12,125175,9.58657879
"Breast, unspecified - Malignant neoplasms",C50.9,"Caddo County, Louisiana",22017,43,251460,17.10013521
"Breast, unspecified - Malignant neoplasms",C50.9,"Calcasieu County, Louisiana",22019,34,198788,17.10364811
"Breast, unspecified - Malignant neoplasms",C50.9,"East Baton Rouge County, Louisiana",22033,61,446753,13.65407731
"Breast, unspecified - Malignant neoplasms",C50.9,"Iberia County, Louisiana",22045,13,74103,17.5431494
"Breast, unspecified - Malignant neoplasms",C50.9,"Jefferson County, Louisiana",22051,60,436275,13.75279354
"Breast, unspecified - Malignant neoplasms",C50.9,"Jefferson Davis County, Louisiana",22053,10,31439,31.80762747
"Breast, unspecified - Malignant neoplasms",C50.9,"Lafayette County, Louisiana",22055,32,240098,13.32789111
"Breast, unspecified - Malignant neoplasms",C50.9,"Lafourche County, Louisiana",22057,21,98325,21.35774218
"Breast, unspecified - Malignant neoplasms",C50.9,"Livingston County, Louisiana",22063,16,137788,11.61204169
"Breast, unspecified - Malignant neoplasms",C50.9,"Orleans County, Louisiana",22071,47,389617,12.06312866
"Breast, unspecified - Malignant neoplasms",C50.9,"Ouachita County, Louisiana",22073,16,156761,10.20662027
"Breast, unspecified - Malignant neoplasms",C50.9,"Rapides County, Louisiana",22079,22,132141,16.64888263
"Breast, unspecified - Malignant neoplasms",C50.9,"St. Landry County, Louisiana",22097,14,83848,16.69688007
"Breast, unspecified - Malignant neoplasms",C50.9,"St. Mary County, Louisiana",22101,11,52810,20.82938837
"Breast, unspecified - Malignant neoplasms",C50.9,"St. Tammany County, Louisiana",22103,31,250088,12.39563674
"Breast, unspecified - Malignant neoplasms",C50.9,"Tangipahoa County, Louisiana",22105,13,128755,10.09669527
"Breast, unspecified - Malignant neoplasms",C50.9,"Terrebonne County, Louisiana",22109,16,113972,14.03853578
"Cervix uteri, unspecified - Malignant neoplasms",C53.9,"Jefferson County, Louisiana",22051,10,436275,2.292132256
"Malignant neoplasm of uterus, part unspecified",C55,"Jefferson County, Louisiana",22051,10,436275,2.292132256
Malignant neoplasm of ovary,C56,"East Baton Rouge County, Louisiana",22033,17,446753,3.80523466
Malignant neoplasm of ovary,C56,"Jefferson County, Louisiana",22051,12,436275,2.750558707
Malignant neoplasm of ovary,C56,"Orleans County, Louisiana",22071,18,389617,4.619921615
Malignant neoplasm of ovary,C56,"St. Tammany County, Louisiana",22103,14,250088,5.598029494
Malignant neoplasm of prostate,C61,"Bossier County, Louisiana",22015,10,125175,7.988815658
Malignant neoplasm of prostate,C61,"Caddo County, Louisiana",22017,30,251460,11.93032689
Malignant neoplasm of prostate,C61,"Calcasieu County, Louisiana",22019,20,198788,10.06096948
Malignant neoplasm of prostate,C61,"East Baton Rouge County, Louisiana",22033,33,446753,7.386631987
Malignant neoplasm of prostate,C61,"Jefferson County, Louisiana",22051,38,436275,8.710102573
Malignant neoplasm of prostate,C61,"Lafayette County, Louisiana",22055,22,240098,9.162925139
Malignant neoplasm of prostate,C61,"Orleans County, Louisiana",22071,36,389617,9.239843231
Malignant neoplasm of prostate,C61,"Ouachita County, Louisiana",22073,15,156761,9.568706502
Malignant neoplasm of prostate,C61,"Rapides County, Louisiana",22079,11,132141,8.324441316
Malignant neoplasm of prostate,C61,"St. Mary County, Louisiana",22101,14,52810,26.51013066
Malignant neoplasm of prostate,C61,"St. Tammany County, Louisiana",22103,19,250088,7.597325741
Malignant neoplasm of prostate,C61,"Tangipahoa County, Louisiana",22105,11,128755,8.54335754
Malignant neoplasm of prostate,C61,"Terrebonne County, Louisiana",22109,12,113972,10.52890184
"Malignant neoplasm of kidney, except renal pelvis",C64,"Caddo County, Louisiana",22017,14,251460,5.567485882
"Malignant neoplasm of kidney, except renal pelvis",C64,"Calcasieu County, Louisiana",22019,16,198788,8.04877558
"Malignant neoplasm of kidney, except renal pelvis",C64,"East Baton Rouge County, Louisiana",22033,20,446753,4.476746659
"Malignant neoplasm of kidney, except renal pelvis",C64,"Jefferson County, Louisiana",22051,26,436275,5.959543866
"Malignant neoplasm of kidney, except renal pelvis",C64,"Orleans County, Louisiana",22071,12,389617,3.079947744
"Malignant neoplasm of kidney, except renal pelvis",C64,"Ouachita County, Louisiana",22073,11,156761,7.017051435
"Malignant neoplasm of kidney, except renal pelvis",C64,"St. Landry County, Louisiana",22097,10,83848,11.92634291
"Malignant neoplasm of kidney, except renal pelvis",C64,"St. Tammany County, Louisiana",22103,13,250088,5.198170244
"Bladder, unspecified - Malignant neoplasms",C67.9,"Caddo County, Louisiana",22017,11,251460,4.374453193
"Bladder, unspecified - Malignant neoplasms",C67.9,"Calcasieu County, Louisiana",22019,10,198788,5.030484738
"Bladder, unspecified - Malignant neoplasms",C67.9,"East Baton Rouge County, Louisiana",22033,26,446753,5.819770656
"Bladder, unspecified - Malignant neoplasms",C67.9,"Jefferson County, Louisiana",22051,14,436275,3.208985158
"Bladder, unspecified - Malignant neoplasms",C67.9,"Orleans County, Louisiana",22071,13,389617,3.336610056
"Bladder, unspecified - Malignant neoplasms",C67.9,"St. Tammany County, Louisiana",22103,17,250088,6.797607242
"Brain, unspecified - Malignant neoplasms",C71.9,"Bossier County, Louisiana",22015,10,125175,7.988815658
"Brain, unspecified - Malignant neoplasms",C71.9,"Caddo County, Louisiana",22017,12,251460,4.772130756
"Brain, unspecified - Malignant neoplasms",C71.9,"Calcasieu County, Louisiana",22019,12,198788,6.036581685
"Brain, unspecified - Malignant neoplasms",C71.9,"East Baton Rouge County, Louisiana",22033,26,446753,5.819770656
"Brain, unspecified - Malignant neoplasms",C71.9,"Jefferson County, Louisiana",22051,25,436275,5.73033064
"Brain, unspecified - Malignant neoplasms",C71.9,"Lafayette County, Louisiana",22055,13,240098,5.414455764
"Brain, unspecified - Malignant neoplasms",C71.9,"Orleans County, Louisiana",22071,13,389617,3.336610056
"Brain, unspecified - Malignant neoplasms",C71.9,"St. Tammany County, Louisiana",22103,15,250088,5.997888743
Malignant neoplasm without specification of site,C80,"Acadia County, Louisiana",22001,10,62577,15.98031226
Malignant neoplasm without specification of site,C80,"Bossier County, Louisiana",22015,13,125175,10.38546036
Malignant neoplasm without specification of site,C80,"Caddo County, Louisiana",22017,25,251460,9.941939076
Malignant neoplasm without specification of site,C80,"Calcasieu County, Louisiana",22019,18,198788,9.054872528
Malignant neoplasm without specification of site,C80,"De Soto County, Louisiana",22031,11,27052,40.66242792
Malignant neoplasm without specification of site,C80,"East Baton Rouge County, Louisiana",22033,33,446753,7.386631987
Malignant neoplasm without specification of site,C80,"Jefferson County, Louisiana",22051,37,436275,8.480889347
Malignant neoplasm without specification of site,C80,"Lafayette County, Louisiana",22055,11,240098,4.581462569
Malignant neoplasm without specification of site,C80,"Orleans County, Louisiana",22071,29,389617,7.443207047
Malignant neoplasm without specification of site,C80,"St. Mary County, Louisiana",22101,12,52810,22.72296913
Malignant neoplasm without specification of site,C80,"St. Tammany County, Louisiana",22103,24,250088,9.596621989
Malignant neoplasm without specification of site,C80,"Tangipahoa County, Louisiana",22105,11,128755,8.54335754
Malignant neoplasm without specification of site,C80,"Terrebonne County, Louisiana",22109,16,113972,14.03853578
"Non-Hodgkin's lymphoma, unspecified type - Malignant neoplasms",C85.9,"Calcasieu County, Louisiana",22019,17,198788,8.551824054
"Non-Hodgkin's lymphoma, unspecified type - Malignant neoplasms",C85.9,"East Baton Rouge County, Louisiana",22033,15,446753,3.357559994
"Non-Hodgkin's lymphoma, unspecified type - Malignant neoplasms",C85.9,"Jefferson County, Louisiana",22051,17,436275,3.896624835
"Non-Hodgkin's lymphoma, unspecified type - Malignant neoplasms",C85.9,"Orleans County, Louisiana",22071,14,389617,3.593272367
"Non-Hodgkin's lymphoma, unspecified type - Malignant neoplasms",C85.9,"St. Tammany County, Louisiana",22103,10,250088,3.998592495
Multiple myeloma - Malignant neoplasms,C90.0,"Caddo County, Louisiana",22017,12,251460,4.772130756
Multiple myeloma - Malignant neoplasms,C90.0,"East Baton Rouge County, Louisiana",22033,24,446753,5.37209599
Multiple myeloma - Malignant neoplasms,C90.0,"Jefferson County, Louisiana",22051,15,436275,3.438198384
Multiple myeloma - Malignant neoplasms,C90.0,"Lafayette County, Louisiana",22055,13,240098,5.414455764
Multiple myeloma - Malignant neoplasms,C90.0,"Orleans County, Louisiana",22071,14,389617,3.593272367
Acute myeloid leukaemia - Malignant neoplasms,C92.0,"Caddo County, Louisiana",22017,11,251460,4.374453193
Acute myeloid leukaemia - Malignant neoplasms,C92.0,"East Baton Rouge County, Louisiana",22033,10,446753,2.238373329
Acute myeloid leukaemia - Malignant neoplasms,C92.0,"Jefferson County, Louisiana",22051,13,436275,2.979771933
"Leukaemia, unspecified - Malignant neoplasms",C95.9,"Calcasieu County, Louisiana",22019,10,198788,5.030484738
"Myelodysplastic syndrome, unspecified - Uncertain neoplasms",D46.9,"Jefferson County, Louisiana",22051,13,436275,2.979771933
"Non-insulin-dependent diabetes mellitus, without complications",E11.9,"Jefferson County, Louisiana",22051,10,436275,2.292132256
"Unspecified diabetes mellitus, with renal complications",E14.2,"Caddo County, Louisiana",22017,46,251460,18.2931679
"Unspecified diabetes mellitus, with renal complications",E14.2,"Jefferson County, Louisiana",22051,17,436275,3.896624835
"Unspecified diabetes mellitus, with renal complications",E14.2,"Orleans County, Louisiana",22071,11,389617,2.823285432
"Unspecified diabetes mellitus, with renal complications",E14.2,"Ouachita County, Louisiana",22073,51,156761,32.53360211
"Unspecified diabetes mellitus, with renal complications",E14.2,"Rapides County, Louisiana",22079,12,132141,9.081208709
"Unspecified diabetes mellitus, without complications",E14.9,"Acadia County, Louisiana",22001,10,62577,15.98031226
"Unspecified diabetes mellitus, without complications",E14.9,"Allen County, Louisiana",22003,11,25683,42.82988747
"Unspecified diabetes mellitus, without complications",E14.9,"Bossier County, Louisiana",22015,10,125175,7.988815658
"Unspecified diabetes mellitus, without complications",E14.9,"Caddo County, Louisiana",22017,74,251460,29.42813966
"Unspecified diabetes mellitus, without complications",E14.9,"Calcasieu County, Louisiana",22019,23,198788,11.5701149
"Unspecified diabetes mellitus, without complications",E14.9,"East Baton Rouge County, Louisiana",22033,15,446753,3.357559994
"Unspecified diabetes mellitus, without complications",E14.9,"Evangeline County, Louisiana",22039,21,33743,62.23513025
"Unspecified diabetes mellitus, without complications",E14.9,"Jefferson County, Louisiana",22051,37,436275,8.480889347
"Unspecified diabetes mellitus, without complications",E14.9,"Lafayette County, Louisiana",22055,46,240098,19.15884347
"Unspecified diabetes mellitus, without complications",E14.9,"Lafourche County, Louisiana",22057,24,98325,24.40884821
"Unspecified diabetes mellitus, without complications",E14.9,"Lincoln County, Louisiana",22061,15,47774,31.39783146
"Unspecified diabetes mellitus, without complications",E14.9,"Morehouse County, Louisiana",22067,20,26395,75.7719265
"Unspecified diabetes mellitus, without complications",E14.9,"Orleans County, Louisiana",22071,32,389617,8.213193983
"Unspecified diabetes mellitus, without complications",E14.9,"Ouachita County, Louisiana",22073,89,156761,56.77432525
"Unspecified diabetes mellitus, without complications",E14.9,"St. Tammany County, Louisiana",22103,14,250088,5.598029494
"Unspecified diabetes mellitus, without complications",E14.9,"Tangipahoa County, Louisiana",22105,12,128755,9.320026407
"Unspecified diabetes mellitus, without complications",E14.9,"Terrebonne County, Louisiana",22109,11,113972,9.651493349
Unspecified protein-energy malnutrition,E46,"East Baton Rouge County, Louisiana",22033,13,446753,2.909885328
Other obesity,E66.8,"St. Landry County, Louisiana",22097,13,83848,15.50424578
"Obesity, unspecified",E66.9,"Lafayette County, Louisiana",22055,14,240098,5.830952361
Pure hypercholesterolaemia,E78.0,"Caddo County, Louisiana",22017,19,251460,7.555873698
"Hyperlipidaemia, unspecified",E78.5,"Caddo County, Louisiana",22017,74,251460,29.42813966
"Hyperlipidaemia, unspecified",E78.5,"Jefferson County, Louisiana",22051,13,436275,2.979771933
"Vascular dementia, unspecified",F01.9,"Terrebonne County, Louisiana",22109,10,113972,8.774084863
Unspecified dementia,F03,"Acadia County, Louisiana",22001,15,62577,23.97046838
Unspecified dementia,F03,"Allen County, Louisiana",22003,16,25683,62.29801814
Unspecified dementia,F03,"Ascension County, Louisiana",22005,13,119455,10.8827592
Unspecified dementia,F03,"Avoyelles County, Louisiana",22009,12,41103,29.19494927
Unspecified dementia,F03,"Beauregard County, Louisiana",22011,12,36462,32.91097581
Unspecified dementia,F03,"Bossier County, Louisiana",22015,23,125175,18.37427601
Unspecified dementia,F03,"Caddo County, Louisiana",22017,51,251460,20.28155571
Unspecified dementia,F03,"Calcasieu County, Louisiana",22019,99,198788,49.8017989
Unspecified dementia,F03,"East Baton Rouge County, Louisiana",22033,101,446753,22.60757063
Unspecified dementia,F03,"Jefferson County, Louisiana",22051,145,436275,33.23591771
Unspecified dementia,F03,"Lafayette County, Louisiana",22055,16,240098,6.663945556
Unspecified dementia,F03,"Lafourche County, Louisiana",22057,35,98325,35.59623697
Unspecified dementia,F03,"Lincoln County, Louisiana",22061,13,47774,27.21145393
Unspecified dementia,F03,"Livingston County, Louisiana",22063,26,137788,18.86956774
Unspecified dementia,F03,"Orleans County, Louisiana",22071,93,389617,23.86959501
Unspecified dementia,F03,"Ouachita County, Louisiana",22073,31,156761,19.77532677
Unspecified dementia,F03,"Rapides County, Louisiana",22079,29,132141,21.94625438
Unspecified dementia,F03,"St. Bernard County, Louisiana",22087,10,45408,22.02255109
Unspecified dementia,F03,"St. Charles County, Louisiana",22089,15,52812,28.40263576
Unspecified dementia,F03,"St. John the Baptist County, Louisiana",22095,15,43626,34.383166
Unspecified dementia,F03,"St. Landry County, Louisiana",22097,17,83848,20.27478294
Unspecified dementia,F03,"St. Mary County, Louisiana",22101,14,52810,26.51013066
Unspecified dementia,F03,"St. Tammany County, Louisiana",22103,50,250088,19.99296248
Unspecified dementia,F03,"Tangipahoa County, Louisiana",22105,36,128755,27.96007922
Unspecified dementia,F03,"Terrebonne County, Louisiana",22109,31,113972,27.19966308
Unspecified dementia,F03,"Washington County, Louisiana",22117,22,46371,47.44344526
"Mental and behavioural disorders due to use of alcohol, harmful use",F10.1,"Calcasieu County, Louisiana",22019,14,198788,7.042678633
Motor neuron disease,G12.2,"Caddo County, Louisiana",22017,11,251460,4.374453193
Parkinson's disease,G20,"Caddo County, Louisiana",22017,25,251460,9.941939076
Parkinson's disease,G20,"Calcasieu County, Louisiana",22019,14,198788,7.042678633
Parkinson's disease,G20,"East Baton Rouge County, Louisiana",22033,40,446753,8.953493317
Parkinson's disease,G20,"Jefferson County, Louisiana",22051,31,436275,7.105609994
Parkinson's disease,G20,"Lafayette County, Louisiana",22055,16,240098,6.663945556
Parkinson's disease,G20,"Livingston County, Louisiana",22063,10,137788,7.257526055
Parkinson's disease,G20,"Orleans County, Louisiana",22071,16,389617,4.106596991
Parkinson's disease,G20,"Ouachita County, Louisiana",22073,14,156761,8.930792735
Parkinson's disease,G20,"Rapides County, Louisiana",22079,13,132141,9.837976101
Parkinson's disease,G20,"St. Tammany County, Louisiana",22103,24,250088,9.596621989
Parkinson's disease,G20,"Terrebonne County, Louisiana",22109,17,113972,14.91594427
Alzheimer's disease with late onset,G30.1,"Tangipahoa County, Louisiana",22105,34,128755,26.40674149
"Alzheimer's disease, unspecified",G30.9,"Acadia County, Louisiana",22001,32,62577,51.13699922
"Alzheimer's disease, unspecified",G30.9,"Ascension County, Louisiana",22005,35,119455,29.2997363
"Alzheimer's disease, unspecified",G30.9,"Avoyelles County, Louisiana",22009,21,41103,51.09116123
"Alzheimer's disease, unspecified",G30.9,"Beauregard County, Louisiana",22011,14,36462,38.39613845
"Alzheimer's disease, unspecified",G30.9,"Bossier County, Louisiana",22015,62,125175,49.53065708
"Alzheimer's disease, unspecified",G30.9,"Caddo County, Louisiana",22017,191,251460,75.95641454
"Alzheimer's disease, unspecified",G30.9,"Calcasieu County, Louisiana",22019,57,198788,28.673763
"Alzheimer's disease, unspecified",G30.9,"Claiborne County, Louisiana",22027,10,16295,61.36851795
"Alzheimer's disease, unspecified",G30.9,"Concordia County, Louisiana",22029,14,20142,69.50650382
"Alzheimer's disease, unspecified",G30.9,"De Soto County, Louisiana",22031,10,27052,36.96584356
"Alzheimer's disease, unspecified",G30.9,"East Baton Rouge County, Louisiana",22033,221,446753,49.46805058
"Alzheimer's disease, unspecified",G30.9,"Evangeline County, Louisiana",22039,24,33743,71.12586314
"Alzheimer's disease, unspecified",G30.9,"Grant County, Louisiana",22043,16,22343,71.61079533
"Alzheimer's disease, unspecified",G30.9,"Iberia County, Louisiana",22045,51,74103,68.82312457
"Alzheimer's disease, unspecified",G30.9,"Jefferson County, Louisiana",22051,165,436275,37.82018222
"Alzheimer's disease, unspecified",G30.9,"Jefferson Davis County, Louisiana",22053,10,31439,31.80762747
"Alzheimer's disease, unspecified",G30.9,"Lafayette County, Louisiana",22055,121,240098,50.39608826
"Alzheimer's disease, unspecified",G30.9,"Lafourche County, Louisiana",22057,19,98325,19.3236715
"Alzheimer's disease, unspecified",G30.9,"Lincoln County, Louisiana",22061,16,47774,33.49102022
"Alzheimer's disease, unspecified",G30.9,"Livingston County, Louisiana",22063,48,137788,34.83612506
"Alzheimer's disease, unspecified",G30.9,"Madison County, Louisiana",22065,15,11514,130.2761855
"Alzheimer's disease, unspecified",G30.9,"Morehouse County, Louisiana",22067,17,26395,64.40613753
"Alzheimer's disease, unspecified",G30.9,"Natchitoches County, Louisiana",22069,28,39179,71.46685724
"Alzheimer's disease, unspecified",G30.9,"Orleans County, Louisiana",22071,100,389617,25.6662312
"Alzheimer's disease, unspecified",G30.9,"Ouachita County, Louisiana",22073,76,156761,48.48144628
"Alzheimer's disease, unspecified",G30.9,"Pointe Coupee County, Louisiana",22077,12,22251,53.93016044
"Alzheimer's disease, unspecified",G30.9,"Rapides County, Louisiana",22079,100,132141,75.67673924
"Alzheimer's disease, unspecified",G30.9,"Richland County, Louisiana",22083,13,20523,63.34356576
"Alzheimer's disease, unspecified",G30.9,"Sabine County, Louisiana",22085,18,24186,74.42322004
"Alzheimer's disease, unspecified",G30.9,"St. Bernard County, Louisiana",22087,13,45408,28.62931642
"Alzheimer's disease, unspecified",G30.9,"St. Charles County, Louisiana",22089,20,52812,37.87018102
"Alzheimer's disease, unspecified",G30.9,"St. John the Baptist County, Louisiana",22095,15,43626,34.383166
"Alzheimer's disease, unspecified",G30.9,"St. Landry County, Louisiana",22097,45,83848,53.66854308
"Alzheimer's disease, unspecified",G30.9,"St. Martin County, Louisiana",22099,28,53835,52.01077366
"Alzheimer's disease, unspecified",G30.9,"St. Mary County, Louisiana",22101,25,52810,47.33951903
"Alzheimer's disease, unspecified",G30.9,"St. Tammany County, Louisiana",22103,77,250088,30.78916221
"Alzheimer's disease, unspecified",G30.9,"Tangipahoa County, Louisiana",22105,21,128755,16.31004621
"Alzheimer's disease, unspecified",G30.9,"Terrebonne County, Louisiana",22109,24,113972,21.05780367
"Alzheimer's disease, unspecified",G30.9,"Union County, Louisiana",22111,13,22477,57.83689994
"Alzheimer's disease, unspecified",G30.9,"Vermilion County, Louisiana",22113,23,59875,38.41336117
"Alzheimer's disease, unspecified",G30.9,"Vernon County, Louisiana",22115,14,50803,27.55742771
"Alzheimer's disease, unspecified",G30.9,"Washington County, Louisiana",22117,12,46371,25.87824287
"Alzheimer's disease, unspecified",G30.9,"Webster County, Louisiana",22119,31,40021,77.45933385
"Senile degeneration of brain, not elsewhere classified",G31.1,"St. Tammany County, Louisiana",22103,32,250088,12.79549599
Other specified degenerative diseases of nervous system,G31.8,"Jefferson County, Louisiana",22051,11,436275,2.521345482
Other specified degenerative diseases of nervous system,G31.8,"St. Tammany County, Louisiana",22103,11,250088,4.398451745
"Anoxic brain damage, not elsewhere classified",G93.1,"Caddo County, Louisiana",22017,11,251460,4.374453193
"Anoxic brain damage, not elsewhere classified",G93.1,"East Baton Rouge County, Louisiana",22033,20,446753,4.476746659
"Anoxic brain damage, not elsewhere classified",G93.1,"Jefferson County, Louisiana",22051,14,436275,3.208985158
"Anoxic brain damage, not elsewhere classified",G93.1,"Orleans County, Louisiana",22071,14,389617,3.593272367
"Anoxic brain damage, not elsewhere classified",G93.1,"Rapides County, Louisiana",22079,15,132141,11.35151089
Essential (primary) hypertension,I10,"Caddo County, Louisiana",22017,54,251460,21.4745884
Essential (primary) hypertension,I10,"East Feliciana County, Louisiana",22037,10,19696,50.7717303
Essential (primary) hypertension,I10,"Jefferson County, Louisiana",22051,13,436275,2.979771933
Essential (primary) hypertension,I10,"Orleans County, Louisiana",22071,14,389617,3.593272367
Essential (primary) hypertension,I10,"Ouachita County, Louisiana",22073,19,156761,12.12036157
Hypertensive heart disease with (congestive) heart failure,I11.0,"Caddo County, Louisiana",22017,71,251460,28.23510698
Hypertensive heart disease with (congestive) heart failure,I11.0,"Lafayette County, Louisiana",22055,11,240098,4.581462569
Hypertensive heart disease with (congestive) heart failure,I11.0,"Ouachita County, Louisiana",22073,26,156761,16.58575794
Hypertensive heart disease without (congestive) heart failure,I11.9,"Bossier County, Louisiana",22015,38,125175,30.3574995
Hypertensive heart disease without (congestive) heart failure,I11.9,"Caddo County, Louisiana",22017,14,251460,5.567485882
Hypertensive heart disease without (congestive) heart failure,I11.9,"Calcasieu County, Louisiana",22019,111,198788,55.83838059
Hypertensive heart disease without (congestive) heart failure,I11.9,"Jefferson County, Louisiana",22051,54,436275,12.37751418
Hypertensive heart disease without (congestive) heart failure,I11.9,"Lafayette County, Louisiana",22055,74,240098,30.82074819
Hypertensive heart disease without (congestive) heart failure,I11.9,"Orleans County, Louisiana",22071,126,389617,32.33945131
Hypertensive heart disease without (congestive) heart failure,I11.9,"Ouachita County, Louisiana",22073,85,156761,54.22267018
Hypertensive heart disease without (congestive) heart failure,I11.9,"St. Mary County, Louisiana",22101,13,52810,24.6165499
Hypertensive heart disease without (congestive) heart failure,I11.9,"St. Tammany County, Louisiana",22103,18,250088,7.197466492
Hypertensive heart disease without (congestive) heart failure,I11.9,"Union County, Louisiana",22111,17,22477,75.63286916
Hypertensive heart disease without (congestive) heart failure,I11.9,"Webster County, Louisiana",22119,15,40021,37.48032283
Hypertensive renal disease with renal failure,I12.0,"Caddo County, Louisiana",22017,37,251460,14.71406983
Hypertensive renal disease with renal failure,I12.0,"Jefferson County, Louisiana",22051,11,436275,2.521345482
Hypertensive renal disease with renal failure,I12.0,"Ouachita County, Louisiana",22073,13,156761,8.292878969
Hypertensive heart and renal disease with renal failure,I13.1,"Orleans County, Louisiana",22071,13,389617,3.336610056
Hypertensive heart and renal disease with renal failure,I13.1,"Ouachita County, Louisiana",22073,12,156761,7.654965202
Hypertensive heart and renal disease with both (congestive) heart failure and renal failure,I13.2,"Caddo County, Louisiana",22017,16,251460,6.362841009
Hypertensive heart and renal disease with both (congestive) heart failure and renal failure,I13.2,"Ouachita County, Louisiana",22073,10,156761,6.379137668
"Acute myocardial infarction, unspecified",I21.9,"Acadia County, Louisiana",22001,48,62577,76.70549883
"Acute myocardial infarction, unspecified",I21.9,"Ascension County, Louisiana",22005,47,119455,39.34536018
"Acute myocardial infarction, unspecified",I21.9,"Avoyelles County, Louisiana",22009,25,41103,60.82281099
"Acute myocardial infarction, unspecified",I21.9,"Beauregard County, Louisiana",22011,78,36462,213.9213428
"Acute myocardial infarction, unspecified",I21.9,"Bossier County, Louisiana",22015,20,125175,15.97763132
"Acute myocardial infarction, unspecified",I21.9,"Caddo County, Louisiana",22017,68,251460,27.04207429
"Acute myocardial infarction, unspecified",I21.9,"Calcasieu County, Louisiana",22019,27,198788,13.58230879
"Acute myocardial infarction, unspecified",I21.9,"Catahoula County, Louisiana",22025,18,10147,177.3923327
"Acute myocardial infarction, unspecified",I21.9,"Concordia County, Louisiana",22029,42,20142,208.5195115
"Acute myocardial infarction, unspecified",I21.9,"De Soto County, Louisiana",22031,16,27052,59.1453497
"Acute myocardial infarction, unspecified",I21.9,"East Baton Rouge County, Louisiana",22033,53,446753,11.86337865
"Acute myocardial infarction, unspecified",I21.9,"Evangeline County, Louisiana",22039,12,33743,35.56293157
"Acute myocardial infarction, unspecified",I21.9,"Franklin County, Louisiana",22041,12,20410,58.79470848
"Acute myocardial infarction, unspecified",I21.9,"Grant County, Louisiana",22043,20,22343,89.51349416
"Acute myocardial infarction, unspecified",I21.9,"Iberia County, Louisiana",22045,18,74103,24.29051455
"Acute myocardial infarction, unspecified",I21.9,"Jefferson County, Louisiana",22051,91,436275,20.85840353
"Acute myocardial infarction, unspecified",I21.9,"Jefferson Davis County, Louisiana",22053,18,31439,57.25372944
"Acute myocardial infarction, unspecified",I21.9,"Lafayette County, Louisiana",22055,27,240098,11.24540813
"Acute myocardial infarction, unspecified",I21.9,"Lafourche County, Louisiana",22057,41,98325,41.69844902
"Acute myocardial infarction, unspecified",I21.9,"LaSalle County, Louisiana",22059,11,14974,73.46066515
"Acute myocardial infarction, unspecified",I21.9,"Livingston County, Louisiana",22063,30,137788,21.77257816
"Acute myocardial infarction, unspecified",I21.9,"Morehouse County, Louisiana",22067,11,26395,41.67455958
"Acute myocardial infarction, unspecified",I21.9,"Natchitoches County, Louisiana",22069,13,39179,33.18104086
"Acute myocardial infarction, unspecified",I21.9,"Orleans County, Louisiana",22071,64,389617,16.42638797
"Acute myocardial infarction, unspecified",I21.9,"Ouachita County, Louisiana",22073,33,156761,21.0511543
"Acute myocardial infarction, unspecified",I21.9,"Pointe Coupee County, Louisiana",22077,24,22251,107.8603209
"Acute myocardial infarction, unspecified",I21.9,"Rapides County, Louisiana",22079,182,132141,137.7316654
"Acute myocardial infarction, unspecified",I21.9,"Richland County, Louisiana",22083,24,20523,116.9419675
"Acute myocardial infarction, unspecified",I21.9,"Sabine County, Louisiana",22085,11,24186,45.48085669
"Acute myocardial infarction, unspecified",I21.9,"St. Charles County, Louisiana",22089,11,52812,20.82859956
"Acute myocardial infarction, unspecified",I21.9,"St. John the Baptist County, Louisiana",22095,14,43626,32.09095494
"Acute myocardial infarction, unspecified",I21.9,"St. Landry County, Louisiana",22097,172,83848,205.133098
"Acute myocardial infarction, unspecified",I21.9,"St. Martin County, Louisiana",22099,53,53835,98.44896443
"Acute myocardial infarction, unspecified",I21.9,"St. Mary County, Louisiana",22101,30,52810,56.80742284
"Acute myocardial infarction, unspecified",I21.9,"St. Tammany County, Louisiana",22103,43,250088,17.19394773
"Acute myocardial infarction, unspecified",I21.9,"Tangipahoa County, Louisiana",22105,111,128755,86.21024426
"Acute myocardial infarction, unspecified",I21.9,"Terrebonne County, Louisiana",22109,61,113972,53.52191766
"Acute myocardial infarction, unspecified",I21.9,"Union County, Louisiana",22111,26,22477,115.6737999
"Acute myocardial infarction, unspecified",I21.9,"Vernon County, Louisiana",22115,23,50803,45.27291695
"Acute myocardial infarction, unspecified",I21.9,"Washington County, Louisiana",22117,10,46371,21.56520239
"Acute myocardial infarction, unspecified",I21.9,"Webster County, Louisiana",22119,41,40021,102.4462157
"Acute myocardial infarction, unspecified",I21.9,"West Baton Rouge County, Louisiana",22121,13,25490,51.00039231
Other forms of acute ischaemic heart disease,I24.8,"St. John the Baptist County, Louisiana",22095,18,43626,41.2597992
"Acute ischaemic heart disease, unspecified",I24.9,"Bossier County, Louisiana",22015,54,125175,43.13960455
"Acute ischaemic heart disease, unspecified",I24.9,"Terrebonne County, Louisiana",22109,10,113972,8.774084863
"Atherosclerotic cardiovascular disease, so described",I25.0,"Ascension County, Louisiana",22005,10,119455,8.371353229
"Atherosclerotic cardiovascular disease, so described",I25.0,"Caddo County, Louisiana",22017,22,251460,8.748906387
"Atherosclerotic cardiovascular disease, so described",I25.0,"Calcasieu County, Louisiana",22019,167,198788,84.00909512
"Atherosclerotic cardiovascular disease, so described",I25.0,"Claiborne County, Louisiana",22027,11,16295,67.50536975
"Atherosclerotic cardiovascular disease, so described",I25.0,"East Baton Rouge County, Louisiana",22033,342,446753,76.55236786
"Atherosclerotic cardiovascular disease, so described",I25.0,"Jefferson County, Louisiana",22051,135,436275,30.94378546
"Atherosclerotic cardiovascular disease, so described",I25.0,"Lafayette County, Louisiana",22055,110,240098,45.81462569
"Atherosclerotic cardiovascular disease, so described",I25.0,"Livingston County, Louisiana",22063,11,137788,7.98327866
"Atherosclerotic cardiovascular disease, so described",I25.0,"Orleans County, Louisiana",22071,75,389617,19.2496734
"Atherosclerotic cardiovascular disease, so described",I25.0,"St. Bernard County, Louisiana",22087,12,45408,26.42706131
"Atherosclerotic cardiovascular disease, so described",I25.0,"St. Landry County, Louisiana",22097,17,83848,20.27478294
"Atherosclerotic cardiovascular disease, so described",I25.0,"St. Mary County, Louisiana",22101,11,52810,20.82938837
"Atherosclerotic cardiovascular disease, so described",I25.0,"St. Tammany County, Louisiana",22103,43,250088,17.19394773
"Atherosclerotic cardiovascular disease, so described",I25.0,"Terrebonne County, Louisiana",22109,24,113972,21.05780367
"Atherosclerotic cardiovascular disease, so described",I25.0,"Washington County, Louisiana",22117,54,46371,116.4520929
"Atherosclerotic cardiovascular disease, so described",I25.0,"Winn County, Louisiana",22127,13,14568,89.23668314
Atherosclerotic heart disease,I25.1,"Acadia County, Louisiana",22001,26,62577,41.54881186
Atherosclerotic heart disease,I25.1,"Allen County, Louisiana",22003,23,25683,89.55340108
Atherosclerotic heart disease,I25.1,"Ascension County, Louisiana",22005,25,119455,20.92838307
Atherosclerotic heart disease,I25.1,"Assumption County, Louisiana",22007,22,22842,96.3138079
Atherosclerotic heart disease,I25.1,"Avoyelles County, Louisiana",22009,43,41103,104.6152349
Atherosclerotic heart disease,I25.1,"Bossier County, Louisiana",22015,42,125175,33.55302576
Atherosclerotic heart disease,I25.1,"Caddo County, Louisiana",22017,146,251460,58.0609242
Atherosclerotic heart disease,I25.1,"Calcasieu County, Louisiana",22019,27,198788,13.58230879
Atherosclerotic heart disease,I25.1,"De Soto County, Louisiana",22031,11,27052,40.66242792
Atherosclerotic heart disease,I25.1,"East Baton Rouge County, Louisiana",22033,69,446753,15.44477597
Atherosclerotic heart disease,I25.1,"Evangeline County, Louisiana",22039,33,33743,97.79806182
Atherosclerotic heart disease,I25.1,"Franklin County, Louisiana",22041,18,20410,88.19206271
Atherosclerotic heart disease,I25.1,"Grant County, Louisiana",22043,23,22343,102.9405183
Atherosclerotic heart disease,I25.1,"Iberia County, Louisiana",22045,90,74103,121.4525728
Atherosclerotic heart disease,I25.1,"Iberville County, Louisiana",22047,17,33095,51.36727602
Atherosclerotic heart disease,I25.1,"Jefferson County, Louisiana",22051,151,436275,34.61119707
Atherosclerotic heart disease,I25.1,"Lafayette County, Louisiana",22055,64,240098,26.65578222
Atherosclerotic heart disease,I25.1,"Lafourche County, Louisiana",22057,41,98325,41.69844902
Atherosclerotic heart disease,I25.1,"Lincoln County, Louisiana",22061,13,47774,27.21145393
Atherosclerotic heart disease,I25.1,"Livingston County, Louisiana",22063,85,137788,61.68897146
Atherosclerotic heart disease,I25.1,"Morehouse County, Louisiana",22067,32,26395,121.2350824
Atherosclerotic heart disease,I25.1,"Natchitoches County, Louisiana",22069,39,39179,99.54312259
Atherosclerotic heart disease,I25.1,"Orleans County, Louisiana",22071,93,389617,23.86959501
Atherosclerotic heart disease,I25.1,"Ouachita County, Louisiana",22073,38,156761,24.24072314
Atherosclerotic heart disease,I25.1,"Pointe Coupee County, Louisiana",22077,13,22251,58.42434048
Atherosclerotic heart disease,I25.1,"Rapides County, Louisiana",22079,83,132141,62.81169357
Atherosclerotic heart disease,I25.1,"Sabine County, Louisiana",22085,22,24186,90.96171339
Atherosclerotic heart disease,I25.1,"St. Bernard County, Louisiana",22087,20,45408,44.04510218
Atherosclerotic heart disease,I25.1,"St. Charles County, Louisiana",22089,21,52812,39.76369007
Atherosclerotic heart disease,I25.1,"St. Landry County, Louisiana",22097,28,83848,33.39376014
Atherosclerotic heart disease,I25.1,"St. Martin County, Louisiana",22099,22,53835,40.86560788
Atherosclerotic heart disease,I25.1,"St. Mary County, Louisiana",22101,22,52810,41.65877675
Atherosclerotic heart disease,I25.1,"St. Tammany County, Louisiana",22103,118,250088,47.18339145
Atherosclerotic heart disease,I25.1,"Tangipahoa County, Louisiana",22105,26,128755,20.19339055
Atherosclerotic heart disease,I25.1,"Terrebonne County, Louisiana",22109,54,113972,47.38005826
Atherosclerotic heart disease,I25.1,"Vermilion County, Louisiana",22113,124,59875,207.0981211
Atherosclerotic heart disease,I25.1,"Vernon County, Louisiana",22115,25,50803,49.20969234
Atherosclerotic heart disease,I25.1,"Washington County, Louisiana",22117,35,46371,75.47820836
Atherosclerotic heart disease,I25.1,"Webster County, Louisiana",22119,11,40021,27.48557008
"Chronic ischaemic heart disease, unspecified",I25.9,"Jefferson County, Louisiana",22051,12,436275,2.750558707
"Chronic ischaemic heart disease, unspecified",I25.9,"St. Tammany County, Louisiana",22103,21,250088,8.39704424
Pulmonary embolism without mention of acute cor pulmonale,I26.9,"East Baton Rouge County, Louisiana",22033,15,446753,3.357559994
Pulmonary embolism without mention of acute cor pulmonale,I26.9,"Jefferson County, Louisiana",22051,16,436275,3.66741161
Pulmonary embolism without mention of acute cor pulmonale,I26.9,"Orleans County, Louisiana",22071,10,389617,2.56662312
Pulmonary embolism without mention of acute cor pulmonale,I26.9,"Rapides County, Louisiana",22079,10,132141,7.567673924
Other secondary pulmonary hypertension,I27.2,"Orleans County, Louisiana",22071,12,389617,3.079947744
Aortic (valve) stenosis,I35.0,"East Baton Rouge County, Louisiana",22033,20,446753,4.476746659
Aortic (valve) stenosis,I35.0,"Jefferson County, Louisiana",22051,25,436275,5.73033064
Aortic (valve) stenosis,I35.0,"St. Tammany County, Louisiana",22103,15,250088,5.997888743
"Cardiomyopathy, unspecified",I42.9,"Caddo County, Louisiana",22017,18,251460,7.158196135
"Cardiomyopathy, unspecified",I42.9,"East Baton Rouge County, Louisiana",22033,18,446753,4.029071993
"Cardiomyopathy, unspecified",I42.9,"Iberia County, Louisiana",22045,10,74103,13.49473031
"Cardiomyopathy, unspecified",I42.9,"Jefferson County, Louisiana",22051,21,436275,4.813477738
"Cardiomyopathy, unspecified",I42.9,"Orleans County, Louisiana",22071,18,389617,4.619921615
"Cardiomyopathy, unspecified",I42.9,"St. Tammany County, Louisiana",22103,16,250088,6.397747993
"Cardiomyopathy, unspecified",I42.9,"Terrebonne County, Louisiana",22109,12,113972,10.52890184
"Cardiomyopathy, unspecified",I42.9,"Vernon County, Louisiana",22115,13,50803,25.58904002
"Sudden cardiac death, so described",I46.1,"Madison County, Louisiana",22065,13,11514,112.9060274
"Cardiac arrest, unspecified",I46.9,"Bienville County, Louisiana",22013,14,13786,101.5522994
"Cardiac arrest, unspecified",I46.9,"Caddo County, Louisiana",22017,14,251460,5.567485882
"Cardiac arrest, unspecified",I46.9,"Caldwell County, Louisiana",22021,37,9993,370.2591814
"Cardiac arrest, unspecified",I46.9,"East Baton Rouge County, Louisiana",22033,13,446753,2.909885328
"Cardiac arrest, unspecified",I46.9,"Jefferson County, Louisiana",22051,25,436275,5.73033064
"Cardiac arrest, unspecified",I46.9,"Orleans County, Louisiana",22071,16,389617,4.106596991
Atrial fibrillation and flutter,I48,"Bossier County, Louisiana",22015,11,125175,8.787697224
Atrial fibrillation and flutter,I48,"Calcasieu County, Louisiana",22019,11,198788,5.533533211
Atrial fibrillation and flutter,I48,"Jefferson County, Louisiana",22051,21,436275,4.813477738
Atrial fibrillation and flutter,I48,"Orleans County, Louisiana",22071,14,389617,3.593272367
Atrial fibrillation and flutter,I48,"St. Tammany County, Louisiana",22103,14,250088,5.598029494
Atrial fibrillation and flutter,I48,"Terrebonne County, Louisiana",22109,10,113972,8.774084863
"Cardiac arrhythmia, unspecified",I49.9,"Franklin County, Louisiana",22041,112,20410,548.7506124
"Cardiac arrhythmia, unspecified",I49.9,"Livingston County, Louisiana",22063,13,137788,9.434783871
"Cardiac arrhythmia, unspecified",I49.9,"Orleans County, Louisiana",22071,13,389617,3.336610056
Congestive heart failure,I50.0,"Acadia County, Louisiana",22001,15,62577,23.97046838
Congestive heart failure,I50.0,"Ascension County, Louisiana",22005,46,119455,38.50822485
Congestive heart failure,I50.0,"Avoyelles County, Louisiana",22009,27,41103,65.68863587
Congestive heart failure,I50.0,"Beauregard County, Louisiana",22011,12,36462,32.91097581
Congestive heart failure,I50.0,"Bossier County, Louisiana",22015,27,125175,21.56980228
Congestive heart failure,I50.0,"Caddo County, Louisiana",22017,36,251460,14.31639227
Congestive heart failure,I50.0,"Calcasieu County, Louisiana",22019,17,198788,8.551824054
Congestive heart failure,I50.0,"Claiborne County, Louisiana",22027,12,16295,73.64222154
Congestive heart failure,I50.0,"De Soto County, Louisiana",22031,13,27052,48.05559663
Congestive heart failure,I50.0,"East Baton Rouge County, Louisiana",22033,320,446753,71.62794654
Congestive heart failure,I50.0,"East Feliciana County, Louisiana",22037,16,19696,81.23476848
Congestive heart failure,I50.0,"Evangeline County, Louisiana",22039,12,33743,35.56293157
Congestive heart failure,I50.0,"Iberia County, Louisiana",22045,26,74103,35.0862988
Congestive heart failure,I50.0,"Iberville County, Louisiana",22047,17,33095,51.36727602
Congestive heart failure,I50.0,"Jackson County, Louisiana",22049,11,15858,69.36561988
Congestive heart failure,I50.0,"Jefferson County, Louisiana",22051,184,436275,42.17523351
Congestive heart failure,I50.0,"Jefferson Davis County, Louisiana",22053,32,31439,101.7844079
Congestive heart failure,I50.0,"Lafayette County, Louisiana",22055,59,240098,24.57329924
Congestive heart failure,I50.0,"Lafourche County, Louisiana",22057,37,98325,37.63030765
Congestive heart failure,I50.0,"Livingston County, Louisiana",22063,59,137788,42.81940372
Congestive heart failure,I50.0,"Morehouse County, Louisiana",22067,11,26395,41.67455958
Congestive heart failure,I50.0,"Orleans County, Louisiana",22071,138,389617,35.41939905
Congestive heart failure,I50.0,"Ouachita County, Louisiana",22073,34,156761,21.68906807
Congestive heart failure,I50.0,"Pointe Coupee County, Louisiana",22077,33,22251,148.3079412
Congestive heart failure,I50.0,"Rapides County, Louisiana",22079,45,132141,34.05453266
Congestive heart failure,I50.0,"Richland County, Louisiana",22083,16,20523,77.9613117
Congestive heart failure,I50.0,"St. Bernard County, Louisiana",22087,15,45408,33.03382664
Congestive heart failure,I50.0,"St. Charles County, Louisiana",22089,18,52812,34.08316292
Congestive heart failure,I50.0,"St. John the Baptist County, Louisiana",22095,25,43626,57.30527667
Congestive heart failure,I50.0,"St. Landry County, Louisiana",22097,27,83848,32.20112585
Congestive heart failure,I50.0,"St. Martin County, Louisiana",22099,13,53835,24.1478592
Congestive heart failure,I50.0,"St. Mary County, Louisiana",22101,11,52810,20.82938837
Congestive heart failure,I50.0,"St. Tammany County, Louisiana",22103,92,250088,36.78705096
Congestive heart failure,I50.0,"Tangipahoa County, Louisiana",22105,42,128755,32.62009242
Congestive heart failure,I50.0,"Terrebonne County, Louisiana",22109,20,113972,17.54816973
Congestive heart failure,I50.0,"Union County, Louisiana",22111,14,22477,62.28589225
Congestive heart failure,I50.0,"Vermilion County, Louisiana",22113,29,59875,48.434238
Congestive heart failure,I50.0,"Washington County, Louisiana",22117,23,46371,49.5999655
Congestive heart failure,I50.0,"Webster County, Louisiana",22119,24,40021,59.96851653
"Heart failure, unspecified",I50.9,"East Baton Rouge County, Louisiana",22033,20,446753,4.476746659
"Heart failure, unspecified",I50.9,"Jefferson County, Louisiana",22051,68,436275,15.58649934
"Heart failure, unspecified",I50.9,"Livingston County, Louisiana",22063,11,137788,7.98327866
"Heart failure, unspecified",I50.9,"Orleans County, Louisiana",22071,28,389617,7.186544735
"Heart failure, unspecified",I50.9,"Vernon County, Louisiana",22115,10,50803,19.68387694
"Cardiovascular disease, unspecified",I51.6,"Bienville County, Louisiana",22013,22,13786,159.5821848
"Cardiovascular disease, unspecified",I51.6,"East Baton Rouge County, Louisiana",22033,23,446753,5.148258657
"Cardiovascular disease, unspecified",I51.6,"Livingston County, Louisiana",22063,15,137788,10.88628908
"Heart disease, unspecified",I51.9,"Acadia County, Louisiana",22001,20,62577,31.96062451
"Heart disease, unspecified",I51.9,"Bossier County, Louisiana",22015,22,125175,17.57539445
"Heart disease, unspecified",I51.9,"Calcasieu County, Louisiana",22019,180,198788,90.54872528
"Heart disease, unspecified",I51.9,"East Baton Rouge County, Louisiana",22033,34,446753,7.61046932
"Heart disease, unspecified",I51.9,"Jefferson County, Louisiana",22051,37,436275,8.480889347
"Heart disease, unspecified",I51.9,"Orleans County, Louisiana",22071,16,389617,4.106596991
"Heart disease, unspecified",I51.9,"St. Tammany County, Louisiana",22103,32,250088,12.79549599
"Heart disease, unspecified",I51.9,"Webster County, Louisiana",22119,12,40021,29.98425826
"Intracerebral haemorrhage, unspecified",I61.9,"East Baton Rouge County, Louisiana",22033,11,446753,2.462210662
"Intracerebral haemorrhage, unspecified",I61.9,"Jefferson County, Louisiana",22051,27,436275,6.188757091
"Intracerebral haemorrhage, unspecified",I61.9,"Orleans County, Louisiana",22071,16,389617,4.106596991
"Intracerebral haemorrhage, unspecified",I61.9,"St. Tammany County, Louisiana",22103,16,250088,6.397747993
"Intracranial haemorrhage (nontraumatic), unspecified",I62.9,"East Baton Rouge County, Louisiana",22033,20,446753,4.476746659
"Intracranial haemorrhage (nontraumatic), unspecified",I62.9,"Jefferson County, Louisiana",22051,12,436275,2.750558707
"Intracranial haemorrhage (nontraumatic), unspecified",I62.9,"Orleans County, Louisiana",22071,17,389617,4.363259303
"Cerebral infarction, unspecified",I63.9,"Orleans County, Louisiana",22071,10,389617,2.56662312
"Stroke, not specified as haemorrhage or infarction",I64,"Acadia County, Louisiana",22001,16,62577,25.56849961
"Stroke, not specified as haemorrhage or infarction",I64,"Ascension County, Louisiana",22005,22,119455,18.4169771
"Stroke, not specified as haemorrhage or infarction",I64,"Avoyelles County, Louisiana",22009,19,41103,46.22533635
"Stroke, not specified as haemorrhage or infarction",I64,"Beauregard County, Louisiana",22011,11,36462,30.16839449
"Stroke, not specified as haemorrhage or infarction",I64,"Bossier County, Louisiana",22015,31,125175,24.76532854
"Stroke, not specified as haemorrhage or infarction",I64,"Caddo County, Louisiana",22017,77,251460,30.62117235
"Stroke, not specified as haemorrhage or infarction",I64,"Calcasieu County, Louisiana",22019,22,198788,11.06706642
"Stroke, not specified as haemorrhage or infarction",I64,"Concordia County, Louisiana",22029,13,20142,64.54175355
"Stroke, not specified as haemorrhage or infarction",I64,"East Baton Rouge County, Louisiana",22033,54,446753,12.08721598
"Stroke, not specified as haemorrhage or infarction",I64,"Evangeline County, Louisiana",22039,15,33743,44.45366446
"Stroke, not specified as haemorrhage or infarction",I64,"Iberia County, Louisiana",22045,21,74103,28.33893365
"Stroke, not specified as haemorrhage or infarction",I64,"Jefferson County, Louisiana",22051,75,436275,17.19099192
"Stroke, not specified as haemorrhage or infarction",I64,"Jefferson Davis County, Louisiana",22053,12,31439,38.16915296
"Stroke, not specified as haemorrhage or infarction",I64,"Lafayette County, Louisiana",22055,35,240098,14.5773809
"Stroke, not specified as haemorrhage or infarction",I64,"Lafourche County, Louisiana",22057,21,98325,21.35774218
"Stroke, not specified as haemorrhage or infarction",I64,"Livingston County, Louisiana",22063,28,137788,20.32107295
"Stroke, not specified as haemorrhage or infarction",I64,"Morehouse County, Louisiana",22067,15,26395,56.82894488
"Stroke, not specified as haemorrhage or infarction",I64,"Natchitoches County, Louisiana",22069,13,39179,33.18104086
"Stroke, not specified as haemorrhage or infarction",I64,"Orleans County, Louisiana",22071,61,389617,15.65640103
"Stroke, not specified as haemorrhage or infarction",I64,"Ouachita County, Louisiana",22073,46,156761,29.34403327
"Stroke, not specified as haemorrhage or infarction",I64,"Rapides County, Louisiana",22079,66,132141,49.9466479
"Stroke, not specified as haemorrhage or infarction",I64,"Sabine County, Louisiana",22085,12,24186,49.61548003
"Stroke, not specified as haemorrhage or infarction",I64,"St. John the Baptist County, Louisiana",22095,12,43626,27.5065328
"Stroke, not specified as haemorrhage or infarction",I64,"St. Landry County, Louisiana",22097,23,83848,27.43058868
"Stroke, not specified as haemorrhage or infarction",I64,"St. Martin County, Louisiana",22099,10,53835,18.57527631
"Stroke, not specified as haemorrhage or infarction",I64,"St. Mary County, Louisiana",22101,20,52810,37.87161522
"Stroke, not specified as haemorrhage or infarction",I64,"St. Tammany County, Louisiana",22103,42,250088,16.79408848
"Stroke, not specified as haemorrhage or infarction",I64,"Tangipahoa County, Louisiana",22105,37,128755,28.73674809
"Stroke, not specified as haemorrhage or infarction",I64,"Terrebonne County, Louisiana",22109,15,113972,13.16112729
"Stroke, not specified as haemorrhage or infarction",I64,"Vermilion County, Louisiana",22113,15,59875,25.05219207
"Stroke, not specified as haemorrhage or infarction",I64,"Washington County, Louisiana",22117,14,46371,30.19128335
"Stroke, not specified as haemorrhage or infarction",I64,"Webster County, Louisiana",22119,22,40021,54.97114015
Cerebral atherosclerosis,I67.2,"Jefferson County, Louisiana",22051,12,436275,2.750558707
"Cerebrovascular disease, unspecified",I67.9,"Calcasieu County, Louisiana",22019,92,198788,46.28045959
"Cerebrovascular disease, unspecified",I67.9,"East Baton Rouge County, Louisiana",22033,93,446753,20.81687196
"Cerebrovascular disease, unspecified",I67.9,"Jefferson County, Louisiana",22051,14,436275,3.208985158
"Cerebrovascular disease, unspecified",I67.9,"Orleans County, Louisiana",22071,11,389617,2.823285432
"Sequelae of stroke, not specified as haemorrhage or infarction",I69.4,"Caddo County, Louisiana",22017,22,251460,8.748906387
"Sequelae of stroke, not specified as haemorrhage or infarction",I69.4,"Jefferson County, Louisiana",22051,35,436275,8.022462896
"Sequelae of stroke, not specified as haemorrhage or infarction",I69.4,"Orleans County, Louisiana",22071,24,389617,6.159895487
"Sequelae of stroke, not specified as haemorrhage or infarction",I69.4,"St. Tammany County, Louisiana",22103,16,250088,6.397747993
"Sequelae of stroke, not specified as haemorrhage or infarction",I69.4,"Terrebonne County, Louisiana",22109,11,113972,9.651493349
Generalized and unspecified atherosclerosis,I70.9,"Terrebonne County, Louisiana",22109,21,113972,18.42557821
"Peripheral vascular disease, unspecified",I73.9,"Jefferson County, Louisiana",22051,11,436275,2.521345482
"Pneumonia, unspecified",J18.9,"Acadia County, Louisiana",22001,18,62577,28.76456206
"Pneumonia, unspecified",J18.9,"Ascension County, Louisiana",22005,10,119455,8.371353229
"Pneumonia, unspecified",J18.9,"Bossier County, Louisiana",22015,22,125175,17.57539445
"Pneumonia, unspecified",J18.9,"Caddo County, Louisiana",22017,40,251460,15.90710252
"Pneumonia, unspecified",J18.9,"Calcasieu County, Louisiana",22019,19,198788,9.557921001
"Pneumonia, unspecified",J18.9,"East Baton Rouge County, Louisiana",22033,40,446753,8.953493317
"Pneumonia, unspecified",J18.9,"Evangeline County, Louisiana",22039,15,33743,44.45366446
"Pneumonia, unspecified",J18.9,"Iberia County, Louisiana",22045,14,74103,18.89262243
"Pneumonia, unspecified",J18.9,"Jefferson County, Louisiana",22051,30,436275,6.876396768
"Pneumonia, unspecified",J18.9,"Jefferson Davis County, Louisiana",22053,15,31439,47.7114412
"Pneumonia, unspecified",J18.9,"Lafayette County, Louisiana",22055,24,240098,9.995918333
"Pneumonia, unspecified",J18.9,"Lafourche County, Louisiana",22057,19,98325,19.3236715
"Pneumonia, unspecified",J18.9,"Livingston County, Louisiana",22063,13,137788,9.434783871
"Pneumonia, unspecified",J18.9,"Morehouse County, Louisiana",22067,13,26395,49.25175223
"Pneumonia, unspecified",J18.9,"Natchitoches County, Louisiana",22069,10,39179,25.52387759
"Pneumonia, unspecified",J18.9,"Orleans County, Louisiana",22071,30,389617,7.699869359
"Pneumonia, unspecified",J18.9,"Rapides County, Louisiana",22079,35,132141,26.48685873
"Pneumonia, unspecified",J18.9,"Richland County, Louisiana",22083,10,20523,48.72581981
"Pneumonia, unspecified",J18.9,"St. Landry County, Louisiana",22097,26,83848,31.00849156
"Pneumonia, unspecified",J18.9,"St. Mary County, Louisiana",22101,11,52810,20.82938837
"Pneumonia, unspecified",J18.9,"St. Tammany County, Louisiana",22103,23,250088,9.19676274
"Pneumonia, unspecified",J18.9,"Tangipahoa County, Louisiana",22105,11,128755,8.54335754
"Pneumonia, unspecified",J18.9,"Terrebonne County, Louisiana",22109,15,113972,13.16112729
"Pneumonia, unspecified",J18.9,"Vermilion County, Louisiana",22113,14,59875,23.38204593
"Pneumonia, unspecified",J18.9,"Vernon County, Louisiana",22115,13,50803,25.58904002
"Pneumonia, unspecified",J18.9,"Webster County, Louisiana",22119,14,40021,34.98163464
"Emphysema, unspecified",J43.9,"Lafayette County, Louisiana",22055,11,240098,4.581462569
Chronic obstructive pulmonary disease with acute lower respiratory infection,J44.0,"Bossier County, Louisiana",22015,13,125175,10.38546036
Chronic obstructive pulmonary disease with acute lower respiratory infection,J44.0,"Caddo County, Louisiana",22017,21,251460,8.351228824
Chronic obstructive pulmonary disease with acute lower respiratory infection,J44.0,"Ouachita County, Louisiana",22073,19,156761,12.12036157
Chronic obstructive pulmonary disease with acute lower respiratory infection,J44.0,"St. Tammany County, Louisiana",22103,13,250088,5.198170244
"Chronic obstructive pulmonary disease, unspecified",J44.9,"Acadia County, Louisiana",22001,25,62577,39.95078064
"Chronic obstructive pulmonary disease, unspecified",J44.9,"Allen County, Louisiana",22003,12,25683,46.72351361
"Chronic obstructive pulmonary disease, unspecified",J44.9,"Ascension County, Louisiana",22005,25,119455,20.92838307
"Chronic obstructive pulmonary disease, unspecified",J44.9,"Avoyelles County, Louisiana",22009,26,41103,63.25572343
"Chronic obstructive pulmonary disease, unspecified",J44.9,"Beauregard County, Louisiana",22011,15,36462,41.13871976
"Chronic obstructive pulmonary disease, unspecified",J44.9,"Bossier County, Louisiana",22015,65,125175,51.92730178
"Chronic obstructive pulmonary disease, unspecified",J44.9,"Caddo County, Louisiana",22017,140,251460,55.67485882
"Chronic obstructive pulmonary disease, unspecified",J44.9,"Calcasieu County, Louisiana",22019,16,198788,8.04877558
"Chronic obstructive pulmonary disease, unspecified",J44.9,"De Soto County, Louisiana",22031,17,27052,62.84193405
"Chronic obstructive pulmonary disease, unspecified",J44.9,"East Baton Rouge County, Louisiana",22033,137,446753,30.66571461
"Chronic obstructive pulmonary disease, unspecified",J44.9,"Evangeline County, Louisiana",22039,19,33743,56.30797499
"Chronic obstructive pulmonary disease, unspecified",J44.9,"Iberia County, Louisiana",22045,34,74103,45.88208305
"Chronic obstructive pulmonary disease, unspecified",J44.9,"Iberville County, Louisiana",22047,20,33095,60.43208944
"Chronic obstructive pulmonary disease, unspecified",J44.9,"Jackson County, Louisiana",22049,10,15858,63.05965443
"Chronic obstructive pulmonary disease, unspecified",J44.9,"Jefferson County, Louisiana",22051,168,436275,38.5078219
"Chronic obstructive pulmonary disease, unspecified",J44.9,"Jefferson Davis County, Louisiana",22053,22,31439,69.97678043
"Chronic obstructive pulmonary disease, unspecified",J44.9,"Lafayette County, Louisiana",22055,69,240098,28.73826521
"Chronic obstructive pulmonary disease, unspecified",J44.9,"Lafourche County, Louisiana",22057,37,98325,37.63030765
"Chronic obstructive pulmonary disease, unspecified",J44.9,"LaSalle County, Louisiana",22059,11,14974,73.46066515
"Chronic obstructive pulmonary disease, unspecified",J44.9,"Lincoln County, Louisiana",22061,20,47774,41.86377528
"Chronic obstructive pulmonary disease, unspecified",J44.9,"Livingston County, Louisiana",22063,75,137788,54.43144541
"Chronic obstructive pulmonary disease, unspecified",J44.9,"Morehouse County, Louisiana",22067,16,26395,60.6175412
"Chronic obstructive pulmonary disease, unspecified",J44.9,"Natchitoches County, Louisiana",22069,10,39179,25.52387759
"Chronic obstructive pulmonary disease, unspecified",J44.9,"Orleans County, Louisiana",22071,83,389617,21.30297189
"Chronic obstructive pulmonary disease, unspecified",J44.9,"Ouachita County, Louisiana",22073,69,156761,44.01604991
"Chronic obstructive pulmonary disease, unspecified",J44.9,"Pointe Coupee County, Louisiana",22077,10,22251,44.94180037
"Chronic obstructive pulmonary disease, unspecified",J44.9,"Rapides County, Louisiana",22079,68,132141,51.46018268
"Chronic obstructive pulmonary disease, unspecified",J44.9,"Richland County, Louisiana",22083,13,20523,63.34356576
"Chronic obstructive pulmonary disease, unspecified",J44.9,"Sabine County, Louisiana",22085,20,24186,82.69246672
"Chronic obstructive pulmonary disease, unspecified",J44.9,"St. Charles County, Louisiana",22089,12,52812,22.72210861
"Chronic obstructive pulmonary disease, unspecified",J44.9,"St. Landry County, Louisiana",22097,31,83848,36.97166301
"Chronic obstructive pulmonary disease, unspecified",J44.9,"St. Martin County, Louisiana",22099,24,53835,44.58066314
"Chronic obstructive pulmonary disease, unspecified",J44.9,"St. Mary County, Louisiana",22101,22,52810,41.65877675
"Chronic obstructive pulmonary disease, unspecified",J44.9,"St. Tammany County, Louisiana",22103,108,250088,43.18479895
"Chronic obstructive pulmonary disease, unspecified",J44.9,"Tangipahoa County, Louisiana",22105,56,128755,43.49345656
"Chronic obstructive pulmonary disease, unspecified",J44.9,"Terrebonne County, Louisiana",22109,25,113972,21.93521216
"Chronic obstructive pulmonary disease, unspecified",J44.9,"Union County, Louisiana",22111,10,22477,44.48992303
"Chronic obstructive pulmonary disease, unspecified",J44.9,"Vermilion County, Louisiana",22113,15,59875,25.05219207
"Chronic obstructive pulmonary disease, unspecified",J44.9,"Vernon County, Louisiana",22115,13,50803,25.58904002
"Chronic obstructive pulmonary disease, unspecified",J44.9,"Washington County, Louisiana",22117,34,46371,73.32168812
"Chronic obstructive pulmonary disease, unspecified",J44.9,"Webster County, Louisiana",22119,21,40021,52.47245196
Pneumonitis due to food and vomit,J69.0,"Caddo County, Louisiana",22017,18,251460,7.158196135
Pneumonitis due to food and vomit,J69.0,"East Baton Rouge County, Louisiana",22033,25,446753,5.595933323
Pneumonitis due to food and vomit,J69.0,"Jefferson County, Louisiana",22051,20,436275,4.584264512
Pneumonitis due to food and vomit,J69.0,"Lafayette County, Louisiana",22055,15,240098,6.247448958
Pneumonitis due to food and vomit,J69.0,"Orleans County, Louisiana",22071,10,389617,2.56662312
Pneumonitis due to food and vomit,J69.0,"Rapides County, Louisiana",22079,16,132141,12.10827828
Pneumonitis due to food and vomit,J69.0,"St. Tammany County, Louisiana",22103,11,250088,4.398451745
Other interstitial pulmonary diseases with fibrosis,J84.1,"East Baton Rouge County, Louisiana",22033,22,446753,4.924421325
Other interstitial pulmonary diseases with fibrosis,J84.1,"Jefferson County, Louisiana",22051,32,436275,7.334823219
Other interstitial pulmonary diseases with fibrosis,J84.1,"Lafayette County, Louisiana",22055,10,240098,4.164965972
Other interstitial pulmonary diseases with fibrosis,J84.1,"Orleans County, Louisiana",22071,12,389617,3.079947744
Other interstitial pulmonary diseases with fibrosis,J84.1,"St. Tammany County, Louisiana",22103,20,250088,7.997184991
Acute respiratory failure,J96.0,"Caddo County, Louisiana",22017,13,251460,5.169808319
Acute respiratory failure,J96.0,"Jefferson County, Louisiana",22051,22,436275,5.042690963
Chronic respiratory failure,J96.1,"Jefferson County, Louisiana",22051,12,436275,2.750558707
Chronic respiratory failure,J96.1,"St. Tammany County, Louisiana",22103,15,250088,5.997888743
"Respiratory failure, unspecified",J96.9,"Iberia County, Louisiana",22045,10,74103,13.49473031
"Respiratory failure, unspecified",J96.9,"Jefferson County, Louisiana",22051,26,436275,5.959543866
"Respiratory failure, unspecified",J96.9,"Orleans County, Louisiana",22071,15,389617,3.849934679
Other disorders of lung,J98.4,"Calcasieu County, Louisiana",22019,100,198788,50.30484738
"Vascular disorder of intestine, unspecified",K55.9,"East Baton Rouge County, Louisiana",22033,10,446753,2.238373329
Alcoholic cirrhosis of liver,K70.3,"Caddo County, Louisiana",22017,31,251460,12.32800445
Alcoholic cirrhosis of liver,K70.3,"East Baton Rouge County, Louisiana",22033,21,446753,4.700583992
Alcoholic cirrhosis of liver,K70.3,"Jefferson County, Louisiana",22051,27,436275,6.188757091
Alcoholic cirrhosis of liver,K70.3,"Livingston County, Louisiana",22063,15,137788,10.88628908
Alcoholic cirrhosis of liver,K70.3,"Orleans County, Louisiana",22071,12,389617,3.079947744
Other and unspecified cirrhosis of liver,K74.6,"Caddo County, Louisiana",22017,10,251460,3.97677563
Other and unspecified cirrhosis of liver,K74.6,"East Baton Rouge County, Louisiana",22033,11,446753,2.462210662
Other and unspecified cirrhosis of liver,K74.6,"Jefferson County, Louisiana",22051,31,436275,7.105609994
Other and unspecified cirrhosis of liver,K74.6,"Lafayette County, Louisiana",22055,14,240098,5.830952361
Other and unspecified cirrhosis of liver,K74.6,"Orleans County, Louisiana",22071,32,389617,8.213193983
Other and unspecified cirrhosis of liver,K74.6,"St. Tammany County, Louisiana",22103,19,250088,7.597325741
Other and unspecified cirrhosis of liver,K74.6,"Tangipahoa County, Louisiana",22105,14,128755,10.87336414
Other and unspecified cirrhosis of liver,K74.6,"Terrebonne County, Louisiana",22109,10,113972,8.774084863
Other and unspecified cirrhosis of liver,K74.6,"Webster County, Louisiana",22119,11,40021,27.48557008
"Liver disease, unspecified",K76.9,"Calcasieu County, Louisiana",22019,31,198788,15.59450269
"Liver disease, unspecified",K76.9,"Jefferson County, Louisiana",22051,11,436275,2.521345482
"Gastrointestinal haemorrhage, unspecified",K92.2,"Calcasieu County, Louisiana",22019,10,198788,5.030484738
"Gastrointestinal haemorrhage, unspecified",K92.2,"East Baton Rouge County, Louisiana",22033,19,446753,4.252909326
"Gastrointestinal haemorrhage, unspecified",K92.2,"Jefferson County, Louisiana",22051,12,436275,2.750558707
"Muscle wasting and atrophy, not elsewhere classified",M62.5,"St. Tammany County, Louisiana",22103,10,250088,3.998592495
"Acute renal failure, unspecified",N17.9,"Caddo County, Louisiana",22017,11,251460,4.374453193
"Acute renal failure, unspecified",N17.9,"Jefferson County, Louisiana",22051,14,436275,3.208985158
"Chronic kidney disease, stage 5",N18.5,"Acadia County, Louisiana",22001,10,62577,15.98031226
"Chronic kidney disease, stage 5",N18.5,"Ascension County, Louisiana",22005,10,119455,8.371353229
"Chronic kidney disease, stage 5",N18.5,"Caddo County, Louisiana",22017,15,251460,5.965163445
"Chronic kidney disease, stage 5",N18.5,"East Baton Rouge County, Louisiana",22033,84,446753,18.80233597
"Chronic kidney disease, stage 5",N18.5,"Iberia County, Louisiana",22045,12,74103,16.19367637
"Chronic kidney disease, stage 5",N18.5,"Jefferson County, Louisiana",22051,69,436275,15.81571257
"Chronic kidney disease, stage 5",N18.5,"Lafayette County, Louisiana",22055,21,240098,8.746428542
"Chronic kidney disease, stage 5",N18.5,"Livingston County, Louisiana",22063,19,137788,13.7892995
"Chronic kidney disease, stage 5",N18.5,"Orleans County, Louisiana",22071,66,389617,16.93971259
"Chronic kidney disease, stage 5",N18.5,"Rapides County, Louisiana",22079,11,132141,8.324441316
"Chronic kidney disease, stage 5",N18.5,"St. Landry County, Louisiana",22097,13,83848,15.50424578
"Chronic kidney disease, stage 5",N18.5,"St. Tammany County, Louisiana",22103,42,250088,16.79408848
"Chronic kidney disease, stage 5",N18.5,"Tangipahoa County, Louisiana",22105,20,128755,15.53337734
"Chronic kidney disease, stage 5",N18.5,"Washington County, Louisiana",22117,10,46371,21.56520239
"Chronic kidney disease, stage 5",N18.5,"Webster County, Louisiana",22119,12,40021,29.98425826
"Chronic renal failure, unspecified",N18.9,"East Baton Rouge County, Louisiana",22033,14,446753,3.133722661
"Chronic renal failure, unspecified",N18.9,"Jefferson County, Louisiana",22051,21,436275,4.813477738
"Chronic renal failure, unspecified",N18.9,"Ouachita County, Louisiana",22073,12,156761,7.654965202
"Chronic renal failure, unspecified",N18.9,"St. Tammany County, Louisiana",22103,10,250088,3.998592495
Unspecified renal failure,N19,"East Baton Rouge County, Louisiana",22033,22,446753,4.924421325
Unspecified renal failure,N19,"Jefferson County, Louisiana",22051,26,436275,5.959543866
Unspecified renal failure,N19,"Lafayette County, Louisiana",22055,12,240098,4.997959167
Unspecified renal failure,N19,"Orleans County, Louisiana",22071,23,389617,5.903233175
Unspecified renal failure,N19,"St. Tammany County, Louisiana",22103,11,250088,4.398451745
"Disorder of kidney and ureter, unspecified",N28.9,"Calcasieu County, Louisiana",22019,16,198788,8.04877558
"Urinary tract infection, site not specified",N39.0,"Caddo County, Louisiana",22017,11,251460,4.374453193
"Urinary tract infection, site not specified",N39.0,"East Baton Rouge County, Louisiana",22033,18,446753,4.029071993
"Urinary tract infection, site not specified",N39.0,"Jefferson County, Louisiana",22051,15,436275,3.438198384
"Urinary tract infection, site not specified",N39.0,"Orleans County, Louisiana",22071,13,389617,3.336610056
"Urinary tract infection, site not specified",N39.0,"Rapides County, Louisiana",22079,12,132141,9.081208709
Extreme immaturity,P07.2,"Caddo County, Louisiana",22017,12,251460,4.772130756
Extreme immaturity,P07.2,"East Baton Rouge County, Louisiana",22033,20,446753,4.476746659
Other preterm infants,P07.3,"East Baton Rouge County, Louisiana",22033,11,446753,2.462210662
Respiratory arrest,R09.2,"Ascension County, Louisiana",22005,14,119455,11.71989452
Senility,R54,"Tangipahoa County, Louisiana",22105,19,128755,14.75670848
Other and unspecified convulsions,R56.8,"East Baton Rouge County, Louisiana",22033,10,446753,2.238373329
Other lack of expected normal physiological development,R62.8,"East Baton Rouge County, Louisiana",22033,22,446753,4.924421325
Other specified general symptoms and signs,R68.8,"East Baton Rouge County, Louisiana",22033,17,446753,3.80523466
Other specified general symptoms and signs,R68.8,"Iberville County, Louisiana",22047,23,33095,69.49690286
Other specified general symptoms and signs,R68.8,"Sabine County, Louisiana",22085,10,24186,41.34623336
Other specified general symptoms and signs,R68.8,"West Feliciana County, Louisiana",22125,23,15385,149.4962626
Other ill-defined and unspecified causes of mortality,R99,"Jefferson County, Louisiana",22051,10,436275,2.292132256
Other ill-defined and unspecified causes of mortality,R99,"Orleans County, Louisiana",22071,12,389617,3.079947744
Pedestrian injured in traffic accident involving other and unspecified motor vehicles,V09.2,"East Baton Rouge County, Louisiana",22033,10,446753,2.238373329
Pedestrian injured in traffic accident involving other and unspecified motor vehicles,V09.2,"Orleans County, Louisiana",22071,12,389617,3.079947744
Person injured in collision between other specified motor vehicles (traffic),V87.7,"St. Tammany County, Louisiana",22103,13,250088,5.198170244
"Person injured in unspecified motor-vehicle accident, traffic",V89.2,"Caddo County, Louisiana",22017,13,251460,5.169808319
"Person injured in unspecified motor-vehicle accident, traffic",V89.2,"Calcasieu County, Louisiana",22019,23,198788,11.5701149
"Person injured in unspecified motor-vehicle accident, traffic",V89.2,"East Baton Rouge County, Louisiana",22033,25,446753,5.595933323
"Person injured in unspecified motor-vehicle accident, traffic",V89.2,"Iberia County, Louisiana",22045,12,74103,16.19367637
"Person injured in unspecified motor-vehicle accident, traffic",V89.2,"Jefferson County, Louisiana",22051,18,436275,4.125838061
"Person injured in unspecified motor-vehicle accident, traffic",V89.2,"Livingston County, Louisiana",22063,12,137788,8.709031265
"Person injured in unspecified motor-vehicle accident, traffic",V89.2,"Orleans County, Louisiana",22071,19,389617,4.876583927
"Person injured in unspecified motor-vehicle accident, traffic",V89.2,"Ouachita County, Louisiana",22073,13,156761,8.292878969
"Person injured in unspecified motor-vehicle accident, traffic",V89.2,"Rapides County, Louisiana",22079,15,132141,11.35151089
"Person injured in unspecified motor-vehicle accident, traffic",V89.2,"Tangipahoa County, Louisiana",22105,14,128755,10.87336414
Other fall on same level,W18,"East Baton Rouge County, Louisiana",22033,12,446753,2.686047995
Other fall on same level,W18,"Jefferson County, Louisiana",22051,14,436275,3.208985158
Unspecified fall,W19,"Caddo County, Louisiana",22017,13,251460,5.169808319
Unspecified fall,W19,"Calcasieu County, Louisiana",22019,12,198788,6.036581685
Unspecified fall,W19,"East Baton Rouge County, Louisiana",22033,24,446753,5.37209599
Unspecified fall,W19,"Jefferson County, Louisiana",22051,24,436275,5.501117414
Unspecified fall,W19,"Lafayette County, Louisiana",22055,10,240098,4.164965972
Unspecified fall,W19,"Orleans County, Louisiana",22071,22,389617,5.646570863
Unspecified fall,W19,"Ouachita County, Louisiana",22073,12,156761,7.654965202
Unspecified fall,W19,"St. Tammany County, Louisiana",22103,17,250088,6.797607242
Accidental suffocation and strangulation in bed,W75,"East Baton Rouge County, Louisiana",22033,10,446753,2.238373329
Inhalation and ingestion of other objects causing obstruction of respiratory tract,W80,"East Baton Rouge County, Louisiana",22033,12,446753,2.686047995
"Accidental poisoning by and exposure to narcotics and psychodysleptics [hallucinogens], not elsewhere classified",X42,"East Baton Rouge County, Louisiana",22033,18,446753,4.029071993
"Accidental poisoning by and exposure to narcotics and psychodysleptics [hallucinogens], not elsewhere classified",X42,"Jefferson County, Louisiana",22051,70,436275,16.04492579
"Accidental poisoning by and exposure to narcotics and psychodysleptics [hallucinogens], not elsewhere classified",X42,"Orleans County, Louisiana",22071,29,389617,7.443207047
"Accidental poisoning by and exposure to narcotics and psychodysleptics [hallucinogens], not elsewhere classified",X42,"St. Tammany County, Louisiana",22103,15,250088,5.997888743
"Accidental poisoning by and exposure to other and unspecified drugs, medicaments and biological substances",X44,"Ascension County, Louisiana",22005,15,119455,12.55702984
"Accidental poisoning by and exposure to other and unspecified drugs, medicaments and biological substances",X44,"Caddo County, Louisiana",22017,14,251460,5.567485882
"Accidental poisoning by and exposure to other and unspecified drugs, medicaments and biological substances",X44,"East Baton Rouge County, Louisiana",22033,53,446753,11.86337865
"Accidental poisoning by and exposure to other and unspecified drugs, medicaments and biological substances",X44,"Jefferson County, Louisiana",22051,44,436275,10.08538193
"Accidental poisoning by and exposure to other and unspecified drugs, medicaments and biological substances",X44,"Lafayette County, Louisiana",22055,18,240098,7.49693875
"Accidental poisoning by and exposure to other and unspecified drugs, medicaments and biological substances",X44,"Livingston County, Louisiana",22063,40,137788,29.03010422
"Accidental poisoning by and exposure to other and unspecified drugs, medicaments and biological substances",X44,"Orleans County, Louisiana",22071,61,389617,15.65640103
"Accidental poisoning by and exposure to other and unspecified drugs, medicaments and biological substances",X44,"Ouachita County, Louisiana",22073,19,156761,12.12036157
"Accidental poisoning by and exposure to other and unspecified drugs, medicaments and biological substances",X44,"Rapides County, Louisiana",22079,11,132141,8.324441316
"Accidental poisoning by and exposure to other and unspecified drugs, medicaments and biological substances",X44,"St. Charles County, Louisiana",22089,10,52812,18.93509051
"Accidental poisoning by and exposure to other and unspecified drugs, medicaments and biological substances",X44,"St. Tammany County, Louisiana",22103,46,250088,18.39352548
"Accidental poisoning by and exposure to other and unspecified drugs, medicaments and biological substances",X44,"Tangipahoa County, Louisiana",22105,19,128755,14.75670848
"Accidental poisoning by and exposure to other and unspecified drugs, medicaments and biological substances",X44,"Terrebonne County, Louisiana",22109,32,113972,28.07707156
"Accidental poisoning by and exposure to other and unspecified drugs, medicaments and biological substances",X44,"Vermilion County, Louisiana",22113,10,59875,16.70146138
"Accidental poisoning by and exposure to other and unspecified drugs, medicaments and biological substances",X44,"Washington County, Louisiana",22117,12,46371,25.87824287
"Intentional self-harm by hanging, strangulation and suffocation",X70,"East Baton Rouge County, Louisiana",22033,17,446753,3.80523466
"Intentional self-harm by hanging, strangulation and suffocation",X70,"Jefferson County, Louisiana",22051,16,436275,3.66741161
"Intentional self-harm by hanging, strangulation and suffocation",X70,"Orleans County, Louisiana",22071,12,389617,3.079947744
Intentional self-harm by other and unspecified firearm discharge,X74,"Bossier County, Louisiana",22015,10,125175,7.988815658
Intentional self-harm by other and unspecified firearm discharge,X74,"Caddo County, Louisiana",22017,25,251460,9.941939076
Intentional self-harm by other and unspecified firearm discharge,X74,"Calcasieu County, Louisiana",22019,23,198788,11.5701149
Intentional self-harm by other and unspecified firearm discharge,X74,"East Baton Rouge County, Louisiana",22033,23,446753,5.148258657
Intentional self-harm by other and unspecified firearm discharge,X74,"Jefferson County, Louisiana",22051,26,436275,5.959543866
Intentional self-harm by other and unspecified firearm discharge,X74,"Lafayette County, Louisiana",22055,28,240098,11.66190472
Intentional self-harm by other and unspecified firearm discharge,X74,"Lafourche County, Louisiana",22057,17,98325,17.28960081
Intentional self-harm by other and unspecified firearm discharge,X74,"Livingston County, Louisiana",22063,18,137788,13.0635469
Intentional self-harm by other and unspecified firearm discharge,X74,"Orleans County, Louisiana",22071,22,389617,5.646570863
Intentional self-harm by other and unspecified firearm discharge,X74,"Ouachita County, Louisiana",22073,13,156761,8.292878969
Intentional self-harm by other and unspecified firearm discharge,X74,"Rapides County, Louisiana",22079,12,132141,9.081208709
Intentional self-harm by other and unspecified firearm discharge,X74,"St. Landry County, Louisiana",22097,12,83848,14.31161149
Intentional self-harm by other and unspecified firearm discharge,X74,"St. Tammany County, Louisiana",22103,24,250088,9.596621989
Intentional self-harm by other and unspecified firearm discharge,X74,"Tangipahoa County, Louisiana",22105,12,128755,9.320026407
Intentional self-harm by other and unspecified firearm discharge,X74,"Terrebonne County, Louisiana",22109,11,113972,9.651493349
Assault by other and unspecified firearm discharge,X95,"Caddo County, Louisiana",22017,26,251460,10.33961664
Assault by other and unspecified firearm discharge,X95,"East Baton Rouge County, Louisiana",22033,74,446753,16.56396264
Assault by other and unspecified firearm discharge,X95,"Jefferson County, Louisiana",22051,31,436275,7.105609994
Assault by other and unspecified firearm discharge,X95,"Lafayette County, Louisiana",22055,18,240098,7.49693875
Assault by other and unspecified firearm discharge,X95,"Orleans County, Louisiana",22071,141,389617,36.18938599
Assault by other and unspecified firearm discharge,X95,"Ouachita County, Louisiana",22073,18,156761,11.4824478
Assault by other and unspecified firearm discharge,X95,"Rapides County, Louisiana",22079,12,132141,9.081208709
Assault by other and unspecified firearm discharge,X95,"Terrebonne County, Louisiana",22109,13,113972,11.40631032
"Poisoning by and exposure to other and unspecified drugs, medicaments and biological substances, undetermined intent",Y14,"Calcasieu County, Louisiana",22019,16,198788,8.04877558
